0000000 7d71 0000 7d6e 018a 7d67 0314 7d5b 049e
0000010 7d4a 0628 7d34 07b1  7d1a 093a 7cfa 0ac3
0000020 7cd6 0c4c 7cad 0dd4 7c7f 0f5b 7c4c 10e2

0000030 7c15 1268 7bd9 13ed 7b98 1572 7b52 16f6
0000040 7b08 1879 7ab8 19fb  7a64 1b7c 7a0c 1cfc
0000050 79ae 1e7b 794c 1ff8 78e5 2175 787a 22f0

0000060 780a 246a 7795 25e2 771c 2759 769e 28cf
0000070 761b 2a42 7594 2bb5  7509 2d25 7479 2e94
0000080 73e4 3001 734b 316c 72ae 32d5 720c 343d

0000090 7165 35a2 70bb 3705 700c 3866 6f58 39c5
00000a0 6ea1 3b22 6de5 3c7c  6d25 3dd4 6c60 3f2a
00000b0 6b98 407d 6acb 41ce 69fa 431c 6926 4468

00000c0 684d 45b1 6770 46f7 668f 483b 65aa 497c
00000d0 64c1 4ab9 63d4 4bf5  62e4 4d2d 61f0 4e62
00000e0 60f7 4f94 5ffc 50c3 5efc 51ef 5df9 5318

00000f0 5cf2 543e 5be7 5560 5ad9 567f 59c8 579b
0000100 58b3 58b3 579b 59c8  567f 5ad9 5560 5be7
0000110 543e 5cf2 5318 5df9 51ef 5efc 50c3 5ffc

0000120 4f94 60f7 4e62 61f0 4d2d 62e4 4bf5 63d4
0000130 4ab9 64c1 497c 65aa  483b 668f 46f7 6770
0000140 45b1 684d 4468 6926 431c 69fa 41ce 6acb

0000150 407d 6b98 3f2a 6c60 3dd4 6d25 3c7c 6de5
0000160 3b22 6ea1 39c5 6f58  3866 700c 3705 70bb
0000170 35a2 7165 343d 720c 32d5 72ae 316c 734b

0000180 3001 73e4 2e94 7479 2d25 7509 2bb5 7594
0000190 2a42 761b 28cf 769e  2759 771c 25e2 7795
00001a0 246a 780a 22f0 787a 2175 78e5 1ff8 794c






00001b0 1e7b 79ae 1cfc 7a0c 1b7c 7a64 19fb 7ab8
00001c0 1879 7b08 16f6 7b52  1572 7b98 13ed 7bd9
00001d0 1268 7c15 10e2 7c4c 0f5b 7c7f 0dd4 7cad

00001e0 0c4c 7cd6 0ac3 7cfa 093a 7d1a 07b1 7d34
00001f0 0628 7d4a 049e 7d5b  0314 7d67 018a 7d6e
0000200 0000 7d71 fe76 7d6e fcec 7d67 fb62 7d5b

0000210 f9d8 7d4a f84f 7d34 f6c6 7d1a f53d 7cfa
0000220 f3b4 7cd6 f22c 7cad f0a5 7c7f ef1e 7c4c
0000230 ed98 7c15 ec13 7bd9 ea8e 7b98 e90a 7b52
0000240 e787 7b08 e605 7ab8 e484 7a64 e304 7a0c
0000250 e185 79ae e008 794c de8b 78e5 dd10 787a
0000260 db96 780a da1e 7795 d8a7 771c d731 769e
0000270 d5be 761b d44b 7594 d2db 7509 d16c 7479
0000280 cfff 73e4 ce94 734b cd2b 72ae cbc3 720c
0000290 ca5e 7165 c8fb 70bb c79a 700c c63b 6f58
00002a0 c4de 6ea1 c384 6de5 c22c 6d25 c0d6 6c60
00002b0 bf83 6b98 be32 6acb bce4 69fa bb98 6926
00002c0 ba4f 684d b909 6770 b7c5 668f b684 65aa
00002d0 b547 64c1 b40b 63d4 b2d3 62e4 b19e 61f0
00002e0 b06c 60f7 af3d 5ffc ae11 5efc ace8 5df9
00002f0 abc2 5cf2 aaa0 5be7 a981 5ad9 a865 59c8
0000300 a74d 58b3 a638 579b a527 567f a419 5560
0000310 a30e 543e a207 5318 a104 51ef a004 50c3
0000320 9f09 4f94 9e10 4e62 9d1c 4d2d 9c2c 4bf5
0000330 9b3f 4ab9 9a56 497c 9971 483b 9890 46f7
0000340 97b3 45b1 96da 4468 9606 431c 9535 41ce
0000350 9468 407d 93a0 3f2a 92db 3dd4 921b 3c7c
0000360 915f 3b22 90a8 39c5 8ff4 3866 8f45 3705
0000370 8e9b 35a2 8df4 343d 8d52 32d5 8cb5 316c
0000380 8c1c 3001 8b87 2e94 8af7 2d25 8a6c 2bb5
0000390 89e5 2a42 8962 28cf 88e4 2759 886b 25e2
00003a0 87f6 246a 8786 22f0 871b 2175 86b4 1ff8
00003b0 8652 1e7b 85f4 1cfc 859c 1b7c 8548 19fb
00003c0 84f8 1879 84ae 16f6 8468 1572 8427 13ed
00003d0 83eb 1268 83b4 10e2 8381 0f5b 8353 0dd4
00003e0 832a 0c4c 8306 0ac3 82e6 093a 82cc 07b1
00003f0 82b6 0628 82a5 049e 8299 0314 8292 018a
0000400 828f 0000 8292 fe76 8299 fcec 82a5 fb62
0000410 82b6 f9d8 82cc f84f 82e6 f6c6 8306 f53d
0000420 832a f3b4 8353 f22c 8381 f0a5 83b4 ef1e
0000430 83eb ed98 8427 ec13 8468 ea8e 84ae e90a
0000440 84f8 e787 8548 e605 859c e484 85f4 e304
0000450 8652 e185 86b4 e008 871b de8b 8786 dd10
0000460 87f6 db96 886b da1e 88e4 d8a7 8962 d731
0000470 89e5 d5be 8a6c d44b 8af7 d2db 8b87 d16c
0000480 8c1c cfff 8cb5 ce94 8d52 cd2b 8df4 cbc3
0000490 8e9b ca5e 8f45 c8fb 8ff4 c79a 90a8 c63b
00004a0 915f c4de 921b c384 92db c22c 93a0 c0d6
00004b0 9468 bf83 9535 be32 9606 bce4 96da bb98
00004c0 97b3 ba4f 9890 b909 9971 b7c5 9a56 b684
00004d0 9b3f b547 9c2c b40b 9d1c b2d3 9e10 b19e
00004e0 9f09 b06c a004 af3d a104 ae11 a207 ace8
00004f0 a30e abc2 a419 aaa0 a527 a981 a638 a865
0000500 a74d a74d a865 a638 a981 a527 aaa0 a419
0000510 abc2 a30e ace8 a207 ae11 a104 af3d a004
0000520 b06c 9f09 b19e 9e10 b2d3 9d1c b40b 9c2c
0000530 b547 9b3f b684 9a56 b7c5 9971 b909 9890
0000540 ba4f 97b3 bb98 96da bce4 9606 be32 9535
0000550 bf83 9468 c0d6 93a0 c22c 92db c384 921b
0000560 c4de 915f c63b 90a8 c79a 8ff4 c8fb 8f45
0000570 ca5e 8e9b cbc3 8df4 cd2b 8d52 ce94 8cb5
0000580 cfff 8c1c d16c 8b87 d2db 8af7 d44b 8a6c
0000590 d5be 89e5 d731 8962 d8a7 88e4 da1e 886b
00005a0 db96 87f6 dd10 8786 de8b 871b e008 86b4
00005b0 e185 8652 e304 85f4 e484 859c e605 8548
00005c0 e787 84f8 e90a 84ae ea8e 8468 ec13 8427
00005d0 ed98 83eb ef1e 83b4 f0a5 8381 f22c 8353
00005e0 f3b4 832a f53d 8306 f6c6 82e6 f84f 82cc
00005f0 f9d8 82b6 fb62 82a5 fcec 8299 fe76 8292
0000600 0000 828f 018a 8292 0314 8299 049e 82a5
0000610 0628 82b6 07b1 82cc 093a 82e6 0ac3 8306
0000620 0c4c 832a 0dd4 8353 0f5b 8381 10e2 83b4
0000630 1268 83eb 13ed 8427 1572 8468 16f6 84ae
0000640 1879 84f8 19fb 8548 1b7c 859c 1cfc 85f4
0000650 1e7b 8652 1ff8 86b4 2175 871b 22f0 8786
0000660 246a 87f6 25e2 886b 2759 88e4 28cf 8962
0000670 2a42 89e5 2bb5 8a6c 2d25 8af7 2e94 8b87
0000680 3001 8c1c 316c 8cb5 32d5 8d52 343d 8df4
0000690 35a2 8e9b 3705 8f45 3866 8ff4 39c5 90a8
00006a0 3b22 915f 3c7c 921b 3dd4 92db 3f2a 93a0
00006b0 407d 9468 41ce 9535 431c 9606 4468 96da
00006c0 45b1 97b3 46f7 9890 483b 9971 497c 9a56
00006d0 4ab9 9b3f 4bf5 9c2c 4d2d 9d1c 4e62 9e10
00006e0 4f94 9f09 50c3 a004 51ef a104 5318 a207
00006f0 543e a30e 5560 a419 567f a527 579b a638
0000700 58b3 a74d 59c8 a865 5ad9 a981 5be7 aaa0
0000710 5cf2 abc2 5df9 ace8 5efc ae11 5ffc af3d
0000720 60f7 b06c 61f0 b19e 62e4 b2d3 63d4 b40b
0000730 64c1 b547 65aa b684 668f b7c5 6770 b909
0000740 684d ba4f 6926 bb98 69fa bce4 6acb be32
0000750 6b98 bf83 6c60 c0d6 6d25 c22c 6de5 c384
0000760 6ea1 c4de 6f58 c63b 700c c79a 70bb c8fb
0000770 7165 ca5e 720c cbc3 72ae cd2b 734b ce94
0000780 73e4 cfff 7479 d16c 7509 d2db 7594 d44b
0000790 761b d5be 769e d731 771c d8a7 7795 da1e
00007a0 780a db96 787a dd10 78e5 de8b 794c e008
00007b0 79ae e185 7a0c e304 7a64 e484 7ab8 e605
00007c0 7b08 e787 7b52 e90a 7b98 ea8e 7bd9 ec13
00007d0 7c15 ed98 7c4c ef1e 7c7f f0a5 7cad f22c
00007e0 7cd6 f3b4 7cfa f53d 7d1a f6c6 7d34 f84f
00007f0 7d4a f9d8 7d5b fb62 7d67 fcec 7d6e fe76
0000800 7d71 0000 7d6e 018a 7d67 0314 7d5b 049e
0000810 7d4a 0628 7d34 07b1 7d1a 093a 7cfa 0ac3
0000820 7cd6 0c4c 7cad 0dd4 7c7f 0f5b 7c4c 10e2
0000830 7c15 1268 7bd9 13ed 7b98 1572 7b52 16f6
0000840 7b08 1879 7ab8 19fb 7a64 1b7c 7a0c 1cfc
0000850 79ae 1e7b 794c 1ff8 78e5 2175 787a 22f0
0000860 780a 246a 7795 25e2 771c 2759 769e 28cf
0000870 761b 2a42 7594 2bb5 7509 2d25 7479 2e94
0000880 73e4 3001 734b 316c 72ae 32d5 720c 343d
0000890 7165 35a2 70bb 3705 700c 3866 6f58 39c5
00008a0 6ea1 3b22 6de5 3c7c 6d25 3dd4 6c60 3f2a
00008b0 6b98 407d 6acb 41ce 69fa 431c 6926 4468
00008c0 684d 45b1 6770 46f7 668f 483b 65aa 497c
00008d0 64c1 4ab9 63d4 4bf5 62e4 4d2d 61f0 4e62
00008e0 60f7 4f94 5ffc 50c3 5efc 51ef 5df9 5318
00008f0 5cf2 543e 5be7 5560 5ad9 567f 59c8 579b
0000900 58b3 58b3 579b 59c8 567f 5ad9 5560 5be7
0000910 543e 5cf2 5318 5df9 51ef 5efc 50c3 5ffc
0000920 4f94 60f7 4e62 61f0 4d2d 62e4 4bf5 63d4
0000930 4ab9 64c1 497c 65aa 483b 668f 46f7 6770
0000940 45b1 684d 4468 6926 431c 69fa 41ce 6acb
0000950 407d 6b98 3f2a 6c60 3dd4 6d25 3c7c 6de5
0000960 3b22 6ea1 39c5 6f58 3866 700c 3705 70bb
0000970 35a2 7165 343d 720c 32d5 72ae 316c 734b
0000980 3001 73e4 2e94 7479 2d25 7509 2bb5 7594
0000990 2a42 761b 28cf 769e 2759 771c 25e2 7795
00009a0 246a 780a 22f0 787a 2175 78e5 1ff8 794c
00009b0 1e7b 79ae 1cfc 7a0c 1b7c 7a64 19fb 7ab8
00009c0 1879 7b08 16f6 7b52 1572 7b98 13ed 7bd9
00009d0 1268 7c15 10e2 7c4c 0f5b 7c7f 0dd4 7cad
00009e0 0c4c 7cd6 0ac3 7cfa 093a 7d1a 07b1 7d34
00009f0 0628 7d4a 049e 7d5b 0314 7d67 018a 7d6e
0000a00 0000 7d71 fe76 7d6e fcec 7d67 fb62 7d5b
0000a10 f9d8 7d4a f84f 7d34 f6c6 7d1a f53d 7cfa
0000a20 f3b4 7cd6 f22c 7cad f0a5 7c7f ef1e 7c4c
0000a30 ed98 7c15 ec13 7bd9 ea8e 7b98 e90a 7b52
0000a40 e787 7b08 e605 7ab8 e484 7a64 e304 7a0c
0000a50 e185 79ae e008 794c de8b 78e5 dd10 787a
0000a60 db96 780a da1e 7795 d8a7 771c d731 769e
0000a70 d5be 761b d44b 7594 d2db 7509 d16c 7479
0000a80 cfff 73e4 ce94 734b cd2b 72ae cbc3 720c
0000a90 ca5e 7165 c8fb 70bb c79a 700c c63b 6f58
0000aa0 c4de 6ea1 c384 6de5 c22c 6d25 c0d6 6c60
0000ab0 bf83 6b98 be32 6acb bce4 69fa bb98 6926
0000ac0 ba4f 684d b909 6770 b7c5 668f b684 65aa
0000ad0 b547 64c1 b40b 63d4 b2d3 62e4 b19e 61f0
0000ae0 b06c 60f7 af3d 5ffc ae11 5efc ace8 5df9
0000af0 abc2 5cf2 aaa0 5be7 a981 5ad9 a865 59c8
0000b00 a74d 58b3 a638 579b a527 567f a419 5560
0000b10 a30e 543e a207 5318 a104 51ef a004 50c3
0000b20 9f09 4f94 9e10 4e62 9d1c 4d2d 9c2c 4bf5
0000b30 9b3f 4ab9 9a56 497c 9971 483b 9890 46f7
0000b40 97b3 45b1 96da 4468 9606 431c 9535 41ce
0000b50 9468 407d 93a0 3f2a 92db 3dd4 921b 3c7c
0000b60 915f 3b22 90a8 39c5 8ff4 3866 8f45 3705
0000b70 8e9b 35a2 8df4 343d 8d52 32d5 8cb5 316c
0000b80 8c1c 3001 8b87 2e94 8af7 2d25 8a6c 2bb5
0000b90 89e5 2a42 8962 28cf 88e4 2759 886b 25e2
0000ba0 87f6 246a 8786 22f0 871b 2175 86b4 1ff8
0000bb0 8652 1e7b 85f4 1cfc 859c 1b7c 8548 19fb
0000bc0 84f8 1879 84ae 16f6 8468 1572 8427 13ed
0000bd0 83eb 1268 83b4 10e2 8381 0f5b 8353 0dd4
0000be0 832a 0c4c 8306 0ac3 82e6 093a 82cc 07b1
0000bf0 82b6 0628 82a5 049e 8299 0314 8292 018a
0000c00 828f 0000 8292 fe76 8299 fcec 82a5 fb62
0000c10 82b6 f9d8 82cc f84f 82e6 f6c6 8306 f53d
0000c20 832a f3b4 8353 f22c 8381 f0a5 83b4 ef1e
0000c30 83eb ed98 8427 ec13 8468 ea8e 84ae e90a
0000c40 84f8 e787 8548 e605 859c e484 85f4 e304
0000c50 8652 e185 86b4 e008 871b de8b 8786 dd10
0000c60 87f6 db96 886b da1e 88e4 d8a7 8962 d731
0000c70 89e5 d5be 8a6c d44b 8af7 d2db 8b87 d16c
0000c80 8c1c cfff 8cb5 ce94 8d52 cd2b 8df4 cbc3
0000c90 8e9b ca5e 8f45 c8fb 8ff4 c79a 90a8 c63b
0000ca0 915f c4de 921b c384 92db c22c 93a0 c0d6
0000cb0 9468 bf83 9535 be32 9606 bce4 96da bb98
0000cc0 97b3 ba4f 9890 b909 9971 b7c5 9a56 b684
0000cd0 9b3f b547 9c2c b40b 9d1c b2d3 9e10 b19e
0000ce0 9f09 b06c a004 af3d a104 ae11 a207 ace8
0000cf0 a30e abc2 a419 aaa0 a527 a981 a638 a865
0000d00 a74d a74d a865 a638 a981 a527 aaa0 a419
0000d10 abc2 a30e ace8 a207 ae11 a104 af3d a004
0000d20 b06c 9f09 b19e 9e10 b2d3 9d1c b40b 9c2c
0000d30 b547 9b3f b684 9a56 b7c5 9971 b909 9890
0000d40 ba4f 97b3 bb98 96da bce4 9606 be32 9535
0000d50 bf83 9468 c0d6 93a0 c22c 92db c384 921b
0000d60 c4de 915f c63b 90a8 c79a 8ff4 c8fb 8f45
0000d70 ca5e 8e9b cbc3 8df4 cd2b 8d52 ce94 8cb5
0000d80 cfff 8c1c d16c 8b87 d2db 8af7 d44b 8a6c
0000d90 d5be 89e5 d731 8962 d8a7 88e4 da1e 886b
0000da0 db96 87f6 dd10 8786 de8b 871b e008 86b4
0000db0 e185 8652 e304 85f4 e484 859c e605 8548
0000dc0 e787 84f8 e90a 84ae ea8e 8468 ec13 8427
0000dd0 ed98 83eb ef1e 83b4 f0a5 8381 f22c 8353
0000de0 f3b4 832a f53d 8306 f6c6 82e6 f84f 82cc
0000df0 f9d8 82b6 fb62 82a5 fcec 8299 fe76 8292
0000e00 0000 828f 018a 8292 0314 8299 049e 82a5
0000e10 0628 82b6 07b1 82cc 093a 82e6 0ac3 8306
0000e20 0c4c 832a 0dd4 8353 0f5b 8381 10e2 83b4
0000e30 1268 83eb 13ed 8427 1572 8468 16f6 84ae
0000e40 1879 84f8 19fb 8548 1b7c 859c 1cfc 85f4
0000e50 1e7b 8652 1ff8 86b4 2175 871b 22f0 8786
0000e60 246a 87f6 25e2 886b 2759 88e4 28cf 8962
0000e70 2a42 89e5 2bb5 8a6c 2d25 8af7 2e94 8b87
0000e80 3001 8c1c 316c 8cb5 32d5 8d52 343d 8df4
0000e90 35a2 8e9b 3705 8f45 3866 8ff4 39c5 90a8
0000ea0 3b22 915f 3c7c 921b 3dd4 92db 3f2a 93a0
0000eb0 407d 9468 41ce 9535 431c 9606 4468 96da
0000ec0 45b1 97b3 46f7 9890 483b 9971 497c 9a56
0000ed0 4ab9 9b3f 4bf5 9c2c 4d2d 9d1c 4e62 9e10
0000ee0 4f94 9f09 50c3 a004 51ef a104 5318 a207
0000ef0 543e a30e 5560 a419 567f a527 579b a638
0000f00 58b3 a74d 59c8 a865 5ad9 a981 5be7 aaa0
0000f10 5cf2 abc2 5df9 ace8 5efc ae11 5ffc af3d
0000f20 60f7 b06c 61f0 b19e 62e4 b2d3 63d4 b40b
0000f30 64c1 b547 65aa b684 668f b7c5 6770 b909
0000f40 684d ba4f 6926 bb98 69fa bce4 6acb be32
0000f50 6b98 bf83 6c60 c0d6 6d25 c22c 6de5 c384
0000f60 6ea1 c4de 6f58 c63b 700c c79a 70bb c8fb
0000f70 7165 ca5e 720c cbc3 72ae cd2b 734b ce94
0000f80 73e4 cfff 7479 d16c 7509 d2db 7594 d44b
0000f90 761b d5be 769e d731 771c d8a7 7795 da1e
0000fa0 780a db96 787a dd10 78e5 de8b 794c e008
0000fb0 79ae e185 7a0c e304 7a64 e484 7ab8 e605
0000fc0 7b08 e787 7b52 e90a 7b98 ea8e 7bd9 ec13
0000fd0 7c15 ed98 7c4c ef1e 7c7f f0a5 7cad f22c
0000fe0 7cd6 f3b4 7cfa f53d 7d1a f6c6 7d34 f84f
0000ff0 7d4a f9d8 7d5b fb62 7d67 fcec 7d6e fe76
0001000 7d71 0000 7d6e 018a 7d67 0314 7d5b 049e
0001010 7d4a 0628 7d34 07b1 7d1a 093a 7cfa 0ac3
0001020 7cd6 0c4c 7cad 0dd4 7c7f 0f5b 7c4c 10e2
0001030 7c15 1268 7bd9 13ed 7b98 1572 7b52 16f6
0001040 7b08 1879 7ab8 19fb 7a64 1b7c 7a0c 1cfc
0001050 79ae 1e7b 794c 1ff8 78e5 2175 787a 22f0
0001060 780a 246a 7795 25e2 771c 2759 769e 28cf
0001070 761b 2a42 7594 2bb5 7509 2d25 7479 2e94
0001080 73e4 3001 734b 316c 72ae 32d5 720c 343d
0001090 7165 35a2 70bb 3705 700c 3866 6f58 39c5
00010a0 6ea1 3b22 6de5 3c7c 6d25 3dd4 6c60 3f2a
00010b0 6b98 407d 6acb 41ce 69fa 431c 6926 4468
00010c0 684d 45b1 6770 46f7 668f 483b 65aa 497c
00010d0 64c1 4ab9 63d4 4bf5 62e4 4d2d 61f0 4e62
00010e0 60f7 4f94 5ffc 50c3 5efc 51ef 5df9 5318
00010f0 5cf2 543e 5be7 5560 5ad9 567f 59c8 579b
0001100 58b3 58b3 579b 59c8 567f 5ad9 5560 5be7
0001110 543e 5cf2 5318 5df9 51ef 5efc 50c3 5ffc
0001120 4f94 60f7 4e62 61f0 4d2d 62e4 4bf5 63d4
0001130 4ab9 64c1 497c 65aa 483b 668f 46f7 6770
0001140 45b1 684d 4468 6926 431c 69fa 41ce 6acb
0001150 407d 6b98 3f2a 6c60 3dd4 6d25 3c7c 6de5
0001160 3b22 6ea1 39c5 6f58 3866 700c 3705 70bb
0001170 35a2 7165 343d 720c 32d5 72ae 316c 734b
0001180 3001 73e4 2e94 7479 2d25 7509 2bb5 7594
0001190 2a42 761b 28cf 769e 2759 771c 25e2 7795
00011a0 246a 780a 22f0 787a 2175 78e5 1ff8 794c
00011b0 1e7b 79ae 1cfc 7a0c 1b7c 7a64 19fb 7ab8
00011c0 1879 7b08 16f6 7b52 1572 7b98 13ed 7bd9
00011d0 1268 7c15 10e2 7c4c 0f5b 7c7f 0dd4 7cad
00011e0 0c4c 7cd6 0ac3 7cfa 093a 7d1a 07b1 7d34
00011f0 0628 7d4a 049e 7d5b 0314 7d67 018a 7d6e
0001200 0000 7d71 fe76 7d6e fcec 7d67 fb62 7d5b
0001210 f9d8 7d4a f84f 7d34 f6c6 7d1a f53d 7cfa
0001220 f3b4 7cd6 f22c 7cad f0a5 7c7f ef1e 7c4c
0001230 ed98 7c15 ec13 7bd9 ea8e 7b98 e90a 7b52
0001240 e787 7b08 e605 7ab8 e484 7a64 e304 7a0c
0001250 e185 79ae e008 794c de8b 78e5 dd10 787a
0001260 db96 780a da1e 7795 d8a7 771c d731 769e
0001270 d5be 761b d44b 7594 d2db 7509 d16c 7479
0001280 cfff 73e4 ce94 734b cd2b 72ae cbc3 720c
0001290 ca5e 7165 c8fb 70bb c79a 700c c63b 6f58
00012a0 c4de 6ea1 c384 6de5 c22c 6d25 c0d6 6c60
00012b0 bf83 6b98 be32 6acb bce4 69fa bb98 6926
00012c0 ba4f 684d b909 6770 b7c5 668f b684 65aa
00012d0 b547 64c1 b40b 63d4 b2d3 62e4 b19e 61f0
00012e0 b06c 60f7 af3d 5ffc ae11 5efc ace8 5df9
00012f0 abc2 5cf2 aaa0 5be7 a981 5ad9 a865 59c8
0001300 a74d 58b3 a638 579b a527 567f a419 5560
0001310 a30e 543e a207 5318 a104 51ef a004 50c3
0001320 9f09 4f94 9e10 4e62 9d1c 4d2d 9c2c 4bf5
0001330 9b3f 4ab9 9a56 497c 9971 483b 9890 46f7
0001340 97b3 45b1 96da 4468 9606 431c 9535 41ce
0001350 9468 407d 93a0 3f2a 92db 3dd4 921b 3c7c
0001360 915f 3b22 90a8 39c5 8ff4 3866 8f45 3705
0001370 8e9b 35a2 8df4 343d 8d52 32d5 8cb5 316c
0001380 8c1c 3001 8b87 2e94 8af7 2d25 8a6c 2bb5
0001390 89e5 2a42 8962 28cf 88e4 2759 886b 25e2
00013a0 87f6 246a 8786 22f0 871b 2175 86b4 1ff8
00013b0 8652 1e7b 85f4 1cfc 859c 1b7c 8548 19fb
00013c0 84f8 1879 84ae 16f6 8468 1572 8427 13ed
00013d0 83eb 1268 83b4 10e2 8381 0f5b 8353 0dd4
00013e0 832a 0c4c 8306 0ac3 82e6 093a 82cc 07b1
00013f0 82b6 0628 82a5 049e 8299 0314 8292 018a
0001400 828f 0000 8292 fe76 8299 fcec 82a5 fb62
0001410 82b6 f9d8 82cc f84f 82e6 f6c6 8306 f53d
0001420 832a f3b4 8353 f22c 8381 f0a5 83b4 ef1e
0001430 83eb ed98 8427 ec13 8468 ea8e 84ae e90a
0001440 84f8 e787 8548 e605 859c e484 85f4 e304
0001450 8652 e185 86b4 e008 871b de8b 8786 dd10
0001460 87f6 db96 886b da1e 88e4 d8a7 8962 d731
0001470 89e5 d5be 8a6c d44b 8af7 d2db 8b87 d16c
0001480 8c1c cfff 8cb5 ce94 8d52 cd2b 8df4 cbc3
0001490 8e9b ca5e 8f45 c8fb 8ff4 c79a 90a8 c63b
00014a0 915f c4de 921b c384 92db c22c 93a0 c0d6
00014b0 9468 bf83 9535 be32 9606 bce4 96da bb98
00014c0 97b3 ba4f 9890 b909 9971 b7c5 9a56 b684
00014d0 9b3f b547 9c2c b40b 9d1c b2d3 9e10 b19e
00014e0 9f09 b06c a004 af3d a104 ae11 a207 ace8
00014f0 a30e abc2 a419 aaa0 a527 a981 a638 a865
0001500 a74d a74d a865 a638 a981 a527 aaa0 a419
0001510 abc2 a30e ace8 a207 ae11 a104 af3d a004
0001520 b06c 9f09 b19e 9e10 b2d3 9d1c b40b 9c2c
0001530 b547 9b3f b684 9a56 b7c5 9971 b909 9890
0001540 ba4f 97b3 bb98 96da bce4 9606 be32 9535
0001550 bf83 9468 c0d6 93a0 c22c 92db c384 921b
0001560 c4de 915f c63b 90a8 c79a 8ff4 c8fb 8f45
0001570 ca5e 8e9b cbc3 8df4 cd2b 8d52 ce94 8cb5
0001580 cfff 8c1c d16c 8b87 d2db 8af7 d44b 8a6c
0001590 d5be 89e5 d731 8962 d8a7 88e4 da1e 886b
00015a0 db96 87f6 dd10 8786 de8b 871b e008 86b4
00015b0 e185 8652 e304 85f4 e484 859c e605 8548
00015c0 e787 84f8 e90a 84ae ea8e 8468 ec13 8427
00015d0 ed98 83eb ef1e 83b4 f0a5 8381 f22c 8353
00015e0 f3b4 832a f53d 8306 f6c6 82e6 f84f 82cc
00015f0 f9d8 82b6 fb62 82a5 fcec 8299 fe76 8292
0001600 0000 828f 018a 8292 0314 8299 049e 82a5
0001610 0628 82b6 07b1 82cc 093a 82e6 0ac3 8306
0001620 0c4c 832a 0dd4 8353 0f5b 8381 10e2 83b4
0001630 1268 83eb 13ed 8427 1572 8468 16f6 84ae
0001640 1879 84f8 19fb 8548 1b7c 859c 1cfc 85f4
0001650 1e7b 8652 1ff8 86b4 2175 871b 22f0 8786
0001660 246a 87f6 25e2 886b 2759 88e4 28cf 8962
0001670 2a42 89e5 2bb5 8a6c 2d25 8af7 2e94 8b87
0001680 3001 8c1c 316c 8cb5 32d5 8d52 343d 8df4
0001690 35a2 8e9b 3705 8f45 3866 8ff4 39c5 90a8
00016a0 3b22 915f 3c7c 921b 3dd4 92db 3f2a 93a0
00016b0 407d 9468 41ce 9535 431c 9606 4468 96da
00016c0 45b1 97b3 46f7 9890 483b 9971 497c 9a56
00016d0 4ab9 9b3f 4bf5 9c2c 4d2d 9d1c 4e62 9e10
00016e0 4f94 9f09 50c3 a004 51ef a104 5318 a207
00016f0 543e a30e 5560 a419 567f a527 579b a638
0001700 58b3 a74d 59c8 a865 5ad9 a981 5be7 aaa0
0001710 5cf2 abc2 5df9 ace8 5efc ae11 5ffc af3d
0001720 60f7 b06c 61f0 b19e 62e4 b2d3 63d4 b40b
0001730 64c1 b547 65aa b684 668f b7c5 6770 b909
0001740 684d ba4f 6926 bb98 69fa bce4 6acb be32
0001750 6b98 bf83 6c60 c0d6 6d25 c22c 6de5 c384
0001760 6ea1 c4de 6f58 c63b 700c c79a 70bb c8fb
0001770 7165 ca5e 720c cbc3 72ae cd2b 734b ce94
0001780 73e4 cfff 7479 d16c 7509 d2db 7594 d44b
0001790 761b d5be 769e d731 771c d8a7 7795 da1e
00017a0 780a db96 787a dd10 78e5 de8b 794c e008
00017b0 79ae e185 7a0c e304 7a64 e484 7ab8 e605
00017c0 7b08 e787 7b52 e90a 7b98 ea8e 7bd9 ec13
00017d0 7c15 ed98 7c4c ef1e 7c7f f0a5 7cad f22c
00017e0 7cd6 f3b4 7cfa f53d 7d1a f6c6 7d34 f84f
00017f0 7d4a f9d8 7d5b fb62 7d67 fcec 7d6e fe76
0001800 7d71 0000 7d6e 018a 7d67 0314 7d5b 049e
0001810 7d4a 0628 7d34 07b1 7d1a 093a 7cfa 0ac3
0001820 7cd6 0c4c 7cad 0dd4 7c7f 0f5b 7c4c 10e2
0001830 7c15 1268 7bd9 13ed 7b98 1572 7b52 16f6
0001840 7b08 1879 7ab8 19fb 7a64 1b7c 7a0c 1cfc
0001850 79ae 1e7b 794c 1ff8 78e5 2175 787a 22f0
0001860 780a 246a 7795 25e2 771c 2759 769e 28cf
0001870 761b 2a42 7594 2bb5 7509 2d25 7479 2e94
0001880 73e4 3001 734b 316c 72ae 32d5 720c 343d
0001890 7165 35a2 70bb 3705 700c 3866 6f58 39c5
00018a0 6ea1 3b22 6de5 3c7c 6d25 3dd4 6c60 3f2a
00018b0 6b98 407d 6acb 41ce 69fa 431c 6926 4468
00018c0 684d 45b1 6770 46f7 668f 483b 65aa 497c
00018d0 64c1 4ab9 63d4 4bf5 62e4 4d2d 61f0 4e62
00018e0 60f7 4f94 5ffc 50c3 5efc 51ef 5df9 5318
00018f0 5cf2 543e 5be7 5560 5ad9 567f 59c8 579b
0001900 58b3 58b3 579b 59c8 567f 5ad9 5560 5be7
0001910 543e 5cf2 5318 5df9 51ef 5efc 50c3 5ffc
0001920 4f94 60f7 4e62 61f0 4d2d 62e4 4bf5 63d4
0001930 4ab9 64c1 497c 65aa 483b 668f 46f7 6770
0001940 45b1 684d 4468 6926 431c 69fa 41ce 6acb
0001950 407d 6b98 3f2a 6c60 3dd4 6d25 3c7c 6de5
0001960 3b22 6ea1 39c5 6f58 3866 700c 3705 70bb
0001970 35a2 7165 343d 720c 32d5 72ae 316c 734b
0001980 3001 73e4 2e94 7479 2d25 7509 2bb5 7594
0001990 2a42 761b 28cf 769e 2759 771c 25e2 7795
00019a0 246a 780a 22f0 787a 2175 78e5 1ff8 794c
00019b0 1e7b 79ae 1cfc 7a0c 1b7c 7a64 19fb 7ab8
00019c0 1879 7b08 16f6 7b52 1572 7b98 13ed 7bd9
00019d0 1268 7c15 10e2 7c4c 0f5b 7c7f 0dd4 7cad
00019e0 0c4c 7cd6 0ac3 7cfa 093a 7d1a 07b1 7d34
00019f0 0628 7d4a 049e 7d5b 0314 7d67 018a 7d6e
0001a00 0000 7d71 fe76 7d6e fcec 7d67 fb62 7d5b
0001a10 f9d8 7d4a f84f 7d34 f6c6 7d1a f53d 7cfa
0001a20 f3b4 7cd6 f22c 7cad f0a5 7c7f ef1e 7c4c
0001a30 ed98 7c15 ec13 7bd9 ea8e 7b98 e90a 7b52
0001a40 e787 7b08 e605 7ab8 e484 7a64 e304 7a0c
0001a50 e185 79ae e008 794c de8b 78e5 dd10 787a
0001a60 db96 780a da1e 7795 d8a7 771c d731 769e
0001a70 d5be 761b d44b 7594 d2db 7509 d16c 7479
0001a80 cfff 73e4 ce94 734b cd2b 72ae cbc3 720c
0001a90 ca5e 7165 c8fb 70bb c79a 700c c63b 6f58
0001aa0 c4de 6ea1 c384 6de5 c22c 6d25 c0d6 6c60
0001ab0 bf83 6b98 be32 6acb bce4 69fa bb98 6926
0001ac0 ba4f 684d b909 6770 b7c5 668f b684 65aa
0001ad0 b547 64c1 b40b 63d4 b2d3 62e4 b19e 61f0
0001ae0 b06c 60f7 af3d 5ffc ae11 5efc ace8 5df9
0001af0 abc2 5cf2 aaa0 5be7 a981 5ad9 a865 59c8
0001b00 a74d 58b3 a638 579b a527 567f a419 5560
0001b10 a30e 543e a207 5318 a104 51ef a004 50c3
0001b20 9f09 4f94 9e10 4e62 9d1c 4d2d 9c2c 4bf5
0001b30 9b3f 4ab9 9a56 497c 9971 483b 9890 46f7
0001b40 97b3 45b1 96da 4468 9606 431c 9535 41ce
0001b50 9468 407d 93a0 3f2a 92db 3dd4 921b 3c7c
0001b60 915f 3b22 90a8 39c5 8ff4 3866 8f45 3705
0001b70 8e9b 35a2 8df4 343d 8d52 32d5 8cb5 316c
0001b80 8c1c 3001 8b87 2e94 8af7 2d25 8a6c 2bb5
0001b90 89e5 2a42 8962 28cf 88e4 2759 886b 25e2
0001ba0 87f6 246a 8786 22f0 871b 2175 86b4 1ff8
0001bb0 8652 1e7b 85f4 1cfc 859c 1b7c 8548 19fb
0001bc0 84f8 1879 84ae 16f6 8468 1572 8427 13ed
0001bd0 83eb 1268 83b4 10e2 8381 0f5b 8353 0dd4
0001be0 832a 0c4c 8306 0ac3 82e6 093a 82cc 07b1
0001bf0 82b6 0628 82a5 049e 8299 0314 8292 018a
0001c00 828f 0000 8292 fe76 8299 fcec 82a5 fb62
0001c10 82b6 f9d8 82cc f84f 82e6 f6c6 8306 f53d
0001c20 832a f3b4 8353 f22c 8381 f0a5 83b4 ef1e
0001c30 83eb ed98 8427 ec13 8468 ea8e 84ae e90a
0001c40 84f8 e787 8548 e605 859c e484 85f4 e304
0001c50 8652 e185 86b4 e008 871b de8b 8786 dd10
0001c60 87f6 db96 886b da1e 88e4 d8a7 8962 d731
0001c70 89e5 d5be 8a6c d44b 8af7 d2db 8b87 d16c
0001c80 8c1c cfff 8cb5 ce94 8d52 cd2b 8df4 cbc3
0001c90 8e9b ca5e 8f45 c8fb 8ff4 c79a 90a8 c63b
0001ca0 915f c4de 921b c384 92db c22c 93a0 c0d6
0001cb0 9468 bf83 9535 be32 9606 bce4 96da bb98
0001cc0 97b3 ba4f 9890 b909 9971 b7c5 9a56 b684
0001cd0 9b3f b547 9c2c b40b 9d1c b2d3 9e10 b19e
0001ce0 9f09 b06c a004 af3d a104 ae11 a207 ace8
0001cf0 a30e abc2 a419 aaa0 a527 a981 a638 a865
0001d00 a74d a74d a865 a638 a981 a527 aaa0 a419
0001d10 abc2 a30e ace8 a207 ae11 a104 af3d a004
0001d20 b06c 9f09 b19e 9e10 b2d3 9d1c b40b 9c2c
0001d30 b547 9b3f b684 9a56 b7c5 9971 b909 9890
0001d40 ba4f 97b3 bb98 96da bce4 9606 be32 9535
0001d50 bf83 9468 c0d6 93a0 c22c 92db c384 921b
0001d60 c4de 915f c63b 90a8 c79a 8ff4 c8fb 8f45
0001d70 ca5e 8e9b cbc3 8df4 cd2b 8d52 ce94 8cb5
0001d80 cfff 8c1c d16c 8b87 d2db 8af7 d44b 8a6c
0001d90 d5be 89e5 d731 8962 d8a7 88e4 da1e 886b
0001da0 db96 87f6 dd10 8786 de8b 871b e008 86b4
0001db0 e185 8652 e304 85f4 e484 859c e605 8548
0001dc0 e787 84f8 e90a 84ae ea8e 8468 ec13 8427
0001dd0 ed98 83eb ef1e 83b4 f0a5 8381 f22c 8353
0001de0 f3b4 832a f53d 8306 f6c6 82e6 f84f 82cc
0001df0 f9d8 82b6 fb62 82a5 fcec 8299 fe76 8292
0001e00 0000 828f 018a 8292 0314 8299 049e 82a5
0001e10 0628 82b6 07b1 82cc 093a 82e6 0ac3 8306
0001e20 0c4c 832a 0dd4 8353 0f5b 8381 10e2 83b4
0001e30 1268 83eb 13ed 8427 1572 8468 16f6 84ae
0001e40 1879 84f8 19fb 8548 1b7c 859c 1cfc 85f4
0001e50 1e7b 8652 1ff8 86b4 2175 871b 22f0 8786
0001e60 246a 87f6 25e2 886b 2759 88e4 28cf 8962
0001e70 2a42 89e5 2bb5 8a6c 2d25 8af7 2e94 8b87
0001e80 3001 8c1c 316c 8cb5 32d5 8d52 343d 8df4
0001e90 35a2 8e9b 3705 8f45 3866 8ff4 39c5 90a8
0001ea0 3b22 915f 3c7c 921b 3dd4 92db 3f2a 93a0
0001eb0 407d 9468 41ce 9535 431c 9606 4468 96da
0001ec0 45b1 97b3 46f7 9890 483b 9971 497c 9a56
0001ed0 4ab9 9b3f 4bf5 9c2c 4d2d 9d1c 4e62 9e10
0001ee0 4f94 9f09 50c3 a004 51ef a104 5318 a207
0001ef0 543e a30e 5560 a419 567f a527 579b a638
0001f00 58b3 a74d 59c8 a865 5ad9 a981 5be7 aaa0
0001f10 5cf2 abc2 5df9 ace8 5efc ae11 5ffc af3d
0001f20 60f7 b06c 61f0 b19e 62e4 b2d3 63d4 b40b
0001f30 64c1 b547 65aa b684 668f b7c5 6770 b909
0001f40 684d ba4f 6926 bb98 69fa bce4 6acb be32
0001f50 6b98 bf83 6c60 c0d6 6d25 c22c 6de5 c384
0001f60 6ea1 c4de 6f58 c63b 700c c79a 70bb c8fb
0001f70 7165 ca5e 720c cbc3 72ae cd2b 734b ce94
0001f80 73e4 cfff 7479 d16c 7509 d2db 7594 d44b
0001f90 761b d5be 769e d731 771c d8a7 7795 da1e
0001fa0 780a db96 787a dd10 78e5 de8b 794c e008
0001fb0 79ae e185 7a0c e304 7a64 e484 7ab8 e605
0001fc0 7b08 e787 7b52 e90a 7b98 ea8e 7bd9 ec13
0001fd0 7c15 ed98 7c4c ef1e 7c7f f0a5 7cad f22c
0001fe0 7cd6 f3b4 7cfa f53d 7d1a f6c6 7d34 f84f
0001ff0 7d4a f9d8 7d5b fb62 7d67 fcec 7d6e fe76
0002000 7d71 0000 7d6e 018a 7d67 0314 7d5b 049e
0002010 7d4a 0628 7d34 07b1 7d1a 093a 7cfa 0ac3
0002020 7cd6 0c4c 7cad 0dd4 7c7f 0f5b 7c4c 10e2
0002030 7c15 1268 7bd9 13ed 7b98 1572 7b52 16f6
0002040 7b08 1879 7ab8 19fb 7a64 1b7c 7a0c 1cfc
0002050 79ae 1e7b 794c 1ff8 78e5 2175 787a 22f0
0002060 780a 246a 7795 25e2 771c 2759 769e 28cf
0002070 761b 2a42 7594 2bb5 7509 2d25 7479 2e94
0002080 73e4 3001 734b 316c 72ae 32d5 720c 343d
0002090 7165 35a2 70bb 3705 700c 3866 6f58 39c5
00020a0 6ea1 3b22 6de5 3c7c 6d25 3dd4 6c60 3f2a
00020b0 6b98 407d 6acb 41ce 69fa 431c 6926 4468
00020c0 684d 45b1 6770 46f7 668f 483b 65aa 497c
00020d0 64c1 4ab9 63d4 4bf5 62e4 4d2d 61f0 4e62
00020e0 60f7 4f94 5ffc 50c3 5efc 51ef 5df9 5318
00020f0 5cf2 543e 5be7 5560 5ad9 567f 59c8 579b
0002100 58b3 58b3 579b 59c8 567f 5ad9 5560 5be7
0002110 543e 5cf2 5318 5df9 51ef 5efc 50c3 5ffc
0002120 4f94 60f7 4e62 61f0 4d2d 62e4 4bf5 63d4
0002130 4ab9 64c1 497c 65aa 483b 668f 46f7 6770
0002140 45b1 684d 4468 6926 431c 69fa 41ce 6acb
0002150 407d 6b98 3f2a 6c60 3dd4 6d25 3c7c 6de5
0002160 3b22 6ea1 39c5 6f58 3866 700c 3705 70bb
0002170 35a2 7165 343d 720c 32d5 72ae 316c 734b
0002180 3001 73e4 2e94 7479 2d25 7509 2bb5 7594
0002190 2a42 761b 28cf 769e 2759 771c 25e2 7795
00021a0 246a 780a 22f0 787a 2175 78e5 1ff8 794c
00021b0 1e7b 79ae 1cfc 7a0c 1b7c 7a64 19fb 7ab8
00021c0 1879 7b08 16f6 7b52 1572 7b98 13ed 7bd9
00021d0 1268 7c15 10e2 7c4c 0f5b 7c7f 0dd4 7cad
00021e0 0c4c 7cd6 0ac3 7cfa 093a 7d1a 07b1 7d34
00021f0 0628 7d4a 049e 7d5b 0314 7d67 018a 7d6e
0002200 0000 7d71 fe76 7d6e fcec 7d67 fb62 7d5b
0002210 f9d8 7d4a f84f 7d34 f6c6 7d1a f53d 7cfa
0002220 f3b4 7cd6 f22c 7cad f0a5 7c7f ef1e 7c4c
0002230 ed98 7c15 ec13 7bd9 ea8e 7b98 e90a 7b52
0002240 e787 7b08 e605 7ab8 e484 7a64 e304 7a0c
0002250 e185 79ae e008 794c de8b 78e5 dd10 787a
0002260 db96 780a da1e 7795 d8a7 771c d731 769e
0002270 d5be 761b d44b 7594 d2db 7509 d16c 7479
0002280 cfff 73e4 ce94 734b cd2b 72ae cbc3 720c
0002290 ca5e 7165 c8fb 70bb c79a 700c c63b 6f58
00022a0 c4de 6ea1 c384 6de5 c22c 6d25 c0d6 6c60
00022b0 bf83 6b98 be32 6acb bce4 69fa bb98 6926
00022c0 ba4f 684d b909 6770 b7c5 668f b684 65aa
00022d0 b547 64c1 b40b 63d4 b2d3 62e4 b19e 61f0
00022e0 b06c 60f7 af3d 5ffc ae11 5efc ace8 5df9
00022f0 abc2 5cf2 aaa0 5be7 a981 5ad9 a865 59c8
0002300 a74d 58b3 a638 579b a527 567f a419 5560
0002310 a30e 543e a207 5318 a104 51ef a004 50c3
0002320 9f09 4f94 9e10 4e62 9d1c 4d2d 9c2c 4bf5
0002330 9b3f 4ab9 9a56 497c 9971 483b 9890 46f7
0002340 97b3 45b1 96da 4468 9606 431c 9535 41ce
0002350 9468 407d 93a0 3f2a 92db 3dd4 921b 3c7c
0002360 915f 3b22 90a8 39c5 8ff4 3866 8f45 3705
0002370 8e9b 35a2 8df4 343d 8d52 32d5 8cb5 316c
0002380 8c1c 3001 8b87 2e94 8af7 2d25 8a6c 2bb5
0002390 89e5 2a42 8962 28cf 88e4 2759 886b 25e2
00023a0 87f6 246a 8786 22f0 871b 2175 86b4 1ff8
00023b0 8652 1e7b 85f4 1cfc 859c 1b7c 8548 19fb
00023c0 84f8 1879 84ae 16f6 8468 1572 8427 13ed
00023d0 83eb 1268 83b4 10e2 8381 0f5b 8353 0dd4
00023e0 832a 0c4c 8306 0ac3 82e6 093a 82cc 07b1
00023f0 82b6 0628 82a5 049e 8299 0314 8292 018a
0002400 828f 0000 8292 fe76 8299 fcec 82a5 fb62
0002410 82b6 f9d8 82cc f84f 82e6 f6c6 8306 f53d
0002420 832a f3b4 8353 f22c 8381 f0a5 83b4 ef1e
0002430 83eb ed98 8427 ec13 8468 ea8e 84ae e90a
0002440 84f8 e787 8548 e605 859c e484 85f4 e304
0002450 8652 e185 86b4 e008 871b de8b 8786 dd10
0002460 87f6 db96 886b da1e 88e4 d8a7 8962 d731
0002470 89e5 d5be 8a6c d44b 8af7 d2db 8b87 d16c
0002480 8c1c cfff 8cb5 ce94 8d52 cd2b 8df4 cbc3
0002490 8e9b ca5e 8f45 c8fb 8ff4 c79a 90a8 c63b
00024a0 915f c4de 921b c384 92db c22c 93a0 c0d6
00024b0 9468 bf83 9535 be32 9606 bce4 96da bb98
00024c0 97b3 ba4f 9890 b909 9971 b7c5 9a56 b684
00024d0 9b3f b547 9c2c b40b 9d1c b2d3 9e10 b19e
00024e0 9f09 b06c a004 af3d a104 ae11 a207 ace8
00024f0 a30e abc2 a419 aaa0 a527 a981 a638 a865
0002500 a74d a74d a865 a638 a981 a527 aaa0 a419
0002510 abc2 a30e ace8 a207 ae11 a104 af3d a004
0002520 b06c 9f09 b19e 9e10 b2d3 9d1c b40b 9c2c
0002530 b547 9b3f b684 9a56 b7c5 9971 b909 9890
0002540 ba4f 97b3 bb98 96da bce4 9606 be32 9535
0002550 bf83 9468 c0d6 93a0 c22c 92db c384 921b
0002560 c4de 915f c63b 90a8 c79a 8ff4 c8fb 8f45
0002570 ca5e 8e9b cbc3 8df4 cd2b 8d52 ce94 8cb5
0002580 cfff 8c1c d16c 8b87 d2db 8af7 d44b 8a6c
0002590 d5be 89e5 d731 8962 d8a7 88e4 da1e 886b
00025a0 db96 87f6 dd10 8786 de8b 871b e008 86b4
00025b0 e185 8652 e304 85f4 e484 859c e605 8548
00025c0 e787 84f8 e90a 84ae ea8e 8468 ec13 8427
00025d0 ed98 83eb ef1e 83b4 f0a5 8381 f22c 8353
00025e0 f3b4 832a f53d 8306 f6c6 82e6 f84f 82cc
00025f0 f9d8 82b6 fb62 82a5 fcec 8299 fe76 8292
0002600 0000 828f 018a 8292 0314 8299 049e 82a5
0002610 0628 82b6 07b1 82cc 093a 82e6 0ac3 8306
0002620 0c4c 832a 0dd4 8353 0f5b 8381 10e2 83b4
0002630 1268 83eb 13ed 8427 1572 8468 16f6 84ae
0002640 1879 84f8 19fb 8548 1b7c 859c 1cfc 85f4
0002650 1e7b 8652 1ff8 86b4 2175 871b 22f0 8786
0002660 246a 87f6 25e2 886b 2759 88e4 28cf 8962
0002670 2a42 89e5 2bb5 8a6c 2d25 8af7 2e94 8b87
0002680 3001 8c1c 316c 8cb5 32d5 8d52 343d 8df4
0002690 35a2 8e9b 3705 8f45 3866 8ff4 39c5 90a8
00026a0 3b22 915f 3c7c 921b 3dd4 92db 3f2a 93a0
00026b0 407d 9468 41ce 9535 431c 9606 4468 96da
00026c0 45b1 97b3 46f7 9890 483b 9971 497c 9a56
00026d0 4ab9 9b3f 4bf5 9c2c 4d2d 9d1c 4e62 9e10
00026e0 4f94 9f09 50c3 a004 51ef a104 5318 a207
00026f0 543e a30e 5560 a419 567f a527 579b a638
0002700 58b3 a74d 59c8 a865 5ad9 a981 5be7 aaa0
0002710 5cf2 abc2 5df9 ace8 5efc ae11 5ffc af3d
0002720 60f7 b06c 61f0 b19e 62e4 b2d3 63d4 b40b
0002730 64c1 b547 65aa b684 668f b7c5 6770 b909
0002740 684d ba4f 6926 bb98 69fa bce4 6acb be32
0002750 6b98 bf83 6c60 c0d6 6d25 c22c 6de5 c384
0002760 6ea1 c4de 6f58 c63b 700c c79a 70bb c8fb
0002770 7165 ca5e 720c cbc3 72ae cd2b 734b ce94
0002780 73e4 cfff 7479 d16c 7509 d2db 7594 d44b
0002790 761b d5be 769e d731 771c d8a7 7795 da1e
00027a0 780a db96 787a dd10 78e5 de8b 794c e008
00027b0 79ae e185 7a0c e304 7a64 e484 7ab8 e605
00027c0 7b08 e787 7b52 e90a 7b98 ea8e 7bd9 ec13
00027d0 7c15 ed98 7c4c ef1e 7c7f f0a5 7cad f22c
00027e0 7cd6 f3b4 7cfa f53d 7d1a f6c6 7d34 f84f
00027f0 7d4a f9d8 7d5b fb62 7d67 fcec 7d6e fe76
0002800 7d71 0000 7d6e 018a 7d67 0314 7d5b 049e
0002810 7d4a 0628 7d34 07b1 7d1a 093a 7cfa 0ac3
0002820 7cd6 0c4c 7cad 0dd4 7c7f 0f5b 7c4c 10e2
0002830 7c15 1268 7bd9 13ed 7b98 1572 7b52 16f6
0002840 7b08 1879 7ab8 19fb 7a64 1b7c 7a0c 1cfc
0002850 79ae 1e7b 794c 1ff8 78e5 2175 787a 22f0
0002860 780a 246a 7795 25e2 771c 2759 769e 28cf
0002870 761b 2a42 7594 2bb5 7509 2d25 7479 2e94
0002880 73e4 3001 734b 316c 72ae 32d5 720c 343d
0002890 7165 35a2 70bb 3705 700c 3866 6f58 39c5
00028a0 6ea1 3b22 6de5 3c7c 6d25 3dd4 6c60 3f2a
00028b0 6b98 407d 6acb 41ce 69fa 431c 6926 4468
00028c0 684d 45b1 6770 46f7 668f 483b 65aa 497c
00028d0 64c1 4ab9 63d4 4bf5 62e4 4d2d 61f0 4e62
00028e0 60f7 4f94 5ffc 50c3 5efc 51ef 5df9 5318
00028f0 5cf2 543e 5be7 5560 5ad9 567f 59c8 579b
0002900 58b3 58b3 579b 59c8 567f 5ad9 5560 5be7
0002910 543e 5cf2 5318 5df9 51ef 5efc 50c3 5ffc
0002920 4f94 60f7 4e62 61f0 4d2d 62e4 4bf5 63d4
0002930 4ab9 64c1 497c 65aa 483b 668f 46f7 6770
0002940 45b1 684d 4468 6926 431c 69fa 41ce 6acb
0002950 407d 6b98 3f2a 6c60 3dd4 6d25 3c7c 6de5
0002960 3b22 6ea1 39c5 6f58 3866 700c 3705 70bb
0002970 35a2 7165 343d 720c 32d5 72ae 316c 734b
0002980 3001 73e4 2e94 7479 2d25 7509 2bb5 7594
0002990 2a42 761b 28cf 769e 2759 771c 25e2 7795
00029a0 246a 780a 22f0 787a 2175 78e5 1ff8 794c
00029b0 1e7b 79ae 1cfc 7a0c 1b7c 7a64 19fb 7ab8
00029c0 1879 7b08 16f6 7b52 1572 7b98 13ed 7bd9
00029d0 1268 7c15 10e2 7c4c 0f5b 7c7f 0dd4 7cad
00029e0 0c4c 7cd6 0ac3 7cfa 093a 7d1a 07b1 7d34
00029f0 0628 7d4a 049e 7d5b 0314 7d67 018a 7d6e
0002a00 0000 7d71 fe76 7d6e fcec 7d67 fb62 7d5b
0002a10 f9d8 7d4a f84f 7d34 f6c6 7d1a f53d 7cfa
0002a20 f3b4 7cd6 f22c 7cad f0a5 7c7f ef1e 7c4c
0002a30 ed98 7c15 ec13 7bd9 ea8e 7b98 e90a 7b52
0002a40 e787 7b08 e605 7ab8 e484 7a64 e304 7a0c
0002a50 e185 79ae e008 794c de8b 78e5 dd10 787a
0002a60 db96 780a da1e 7795 d8a7 771c d731 769e
0002a70 d5be 761b d44b 7594 d2db 7509 d16c 7479
0002a80 cfff 73e4 ce94 734b cd2b 72ae cbc3 720c
0002a90 ca5e 7165 c8fb 70bb c79a 700c c63b 6f58
0002aa0 c4de 6ea1 c384 6de5 c22c 6d25 c0d6 6c60
0002ab0 bf83 6b98 be32 6acb bce4 69fa bb98 6926
0002ac0 ba4f 684d b909 6770 b7c5 668f b684 65aa
0002ad0 b547 64c1 b40b 63d4 b2d3 62e4 b19e 61f0
0002ae0 b06c 60f7 af3d 5ffc ae11 5efc ace8 5df9
0002af0 abc2 5cf2 aaa0 5be7 a981 5ad9 a865 59c8
0002b00 a74d 58b3 a638 579b a527 567f a419 5560
0002b10 a30e 543e a207 5318 a104 51ef a004 50c3
0002b20 9f09 4f94 9e10 4e62 9d1c 4d2d 9c2c 4bf5
0002b30 9b3f 4ab9 9a56 497c 9971 483b 9890 46f7
0002b40 97b3 45b1 96da 4468 9606 431c 9535 41ce
0002b50 9468 407d 93a0 3f2a 92db 3dd4 921b 3c7c
0002b60 915f 3b22 90a8 39c5 8ff4 3866 8f45 3705
0002b70 8e9b 35a2 8df4 343d 8d52 32d5 8cb5 316c
0002b80 8c1c 3001 8b87 2e94 8af7 2d25 8a6c 2bb5
0002b90 89e5 2a42 8962 28cf 88e4 2759 886b 25e2
0002ba0 87f6 246a 8786 22f0 871b 2175 86b4 1ff8
0002bb0 8652 1e7b 85f4 1cfc 859c 1b7c 8548 19fb
0002bc0 84f8 1879 84ae 16f6 8468 1572 8427 13ed
0002bd0 83eb 1268 83b4 10e2 8381 0f5b 8353 0dd4
0002be0 832a 0c4c 8306 0ac3 82e6 093a 82cc 07b1
0002bf0 82b6 0628 82a5 049e 8299 0314 8292 018a
0002c00 828f 0000 8292 fe76 8299 fcec 82a5 fb62
0002c10 82b6 f9d8 82cc f84f 82e6 f6c6 8306 f53d
0002c20 832a f3b4 8353 f22c 8381 f0a5 83b4 ef1e
0002c30 83eb ed98 8427 ec13 8468 ea8e 84ae e90a
0002c40 84f8 e787 8548 e605 859c e484 85f4 e304
0002c50 8652 e185 86b4 e008 871b de8b 8786 dd10
0002c60 87f6 db96 886b da1e 88e4 d8a7 8962 d731
0002c70 89e5 d5be 8a6c d44b 8af7 d2db 8b87 d16c
0002c80 8c1c cfff 8cb5 ce94 8d52 cd2b 8df4 cbc3
0002c90 8e9b ca5e 8f45 c8fb 8ff4 c79a 90a8 c63b
0002ca0 915f c4de 921b c384 92db c22c 93a0 c0d6
0002cb0 9468 bf83 9535 be32 9606 bce4 96da bb98
0002cc0 97b3 ba4f 9890 b909 9971 b7c5 9a56 b684
0002cd0 9b3f b547 9c2c b40b 9d1c b2d3 9e10 b19e
0002ce0 9f09 b06c a004 af3d a104 ae11 a207 ace8
0002cf0 a30e abc2 a419 aaa0 a527 a981 a638 a865
0002d00 a74d a74d a865 a638 a981 a527 aaa0 a419
0002d10 abc2 a30e ace8 a207 ae11 a104 af3d a004
0002d20 b06c 9f09 b19e 9e10 b2d3 9d1c b40b 9c2c
0002d30 b547 9b3f b684 9a56 b7c5 9971 b909 9890
0002d40 ba4f 97b3 bb98 96da bce4 9606 be32 9535
0002d50 bf83 9468 c0d6 93a0 c22c 92db c384 921b
0002d60 c4de 915f c63b 90a8 c79a 8ff4 c8fb 8f45
0002d70 ca5e 8e9b cbc3 8df4 cd2b 8d52 ce94 8cb5
0002d80 cfff 8c1c d16c 8b87 d2db 8af7 d44b 8a6c
0002d90 d5be 89e5 d731 8962 d8a7 88e4 da1e 886b
0002da0 db96 87f6 dd10 8786 de8b 871b e008 86b4
0002db0 e185 8652 e304 85f4 e484 859c e605 8548
0002dc0 e787 84f8 e90a 84ae ea8e 8468 ec13 8427
0002dd0 ed98 83eb ef1e 83b4 f0a5 8381 f22c 8353
0002de0 f3b4 832a f53d 8306 f6c6 82e6 f84f 82cc
0002df0 f9d8 82b6 fb62 82a5 fcec 8299 fe76 8292
0002e00 0000 828f 018a 8292 0314 8299 049e 82a5
0002e10 0628 82b6 07b1 82cc 093a 82e6 0ac3 8306
0002e20 0c4c 832a 0dd4 8353 0f5b 8381 10e2 83b4
0002e30 1268 83eb 13ed 8427 1572 8468 16f6 84ae
0002e40 1879 84f8 19fb 8548 1b7c 859c 1cfc 85f4
0002e50 1e7b 8652 1ff8 86b4 2175 871b 22f0 8786
0002e60 246a 87f6 25e2 886b 2759 88e4 28cf 8962
0002e70 2a42 89e5 2bb5 8a6c 2d25 8af7 2e94 8b87
0002e80 3001 8c1c 316c 8cb5 32d5 8d52 343d 8df4
0002e90 35a2 8e9b 3705 8f45 3866 8ff4 39c5 90a8
0002ea0 3b22 915f 3c7c 921b 3dd4 92db 3f2a 93a0
0002eb0 407d 9468 41ce 9535 431c 9606 4468 96da
0002ec0 45b1 97b3 46f7 9890 483b 9971 497c 9a56
0002ed0 4ab9 9b3f 4bf5 9c2c 4d2d 9d1c 4e62 9e10
0002ee0 4f94 9f09 50c3 a004 51ef a104 5318 a207
0002ef0 543e a30e 5560 a419 567f a527 579b a638
0002f00 58b3 a74d 59c8 a865 5ad9 a981 5be7 aaa0
0002f10 5cf2 abc2 5df9 ace8 5efc ae11 5ffc af3d
0002f20 60f7 b06c 61f0 b19e 62e4 b2d3 63d4 b40b
0002f30 64c1 b547 65aa b684 668f b7c5 6770 b909
0002f40 684d ba4f 6926 bb98 69fa bce4 6acb be32
0002f50 6b98 bf83 6c60 c0d6 6d25 c22c 6de5 c384
0002f60 6ea1 c4de 6f58 c63b 700c c79a 70bb c8fb
0002f70 7165 ca5e 720c cbc3 72ae cd2b 734b ce94
0002f80 73e4 cfff 7479 d16c 7509 d2db 7594 d44b
0002f90 761b d5be 769e d731 771c d8a7 7795 da1e
0002fa0 780a db96 787a dd10 78e5 de8b 794c e008
0002fb0 79ae e185 7a0c e304 7a64 e484 7ab8 e605
0002fc0 7b08 e787 7b52 e90a 7b98 ea8e 7bd9 ec13
0002fd0 7c15 ed98 7c4c ef1e 7c7f f0a5 7cad f22c
0002fe0 7cd6 f3b4 7cfa f53d 7d1a f6c6 7d34 f84f
0002ff0 7d4a f9d8 7d5b fb62 7d67 fcec 7d6e fe76
0003000 7d71 0000 7d6e 018a 7d67 0314 7d5b 049e
0003010 7d4a 0628 7d34 07b1 7d1a 093a 7cfa 0ac3
0003020 7cd6 0c4c 7cad 0dd4 7c7f 0f5b 7c4c 10e2
0003030 7c15 1268 7bd9 13ed 7b98 1572 7b52 16f6
0003040 7b08 1879 7ab8 19fb 7a64 1b7c 7a0c 1cfc
0003050 79ae 1e7b 794c 1ff8 78e5 2175 787a 22f0
0003060 780a 246a 7795 25e2 771c 2759 769e 28cf
0003070 761b 2a42 7594 2bb5 7509 2d25 7479 2e94
0003080 73e4 3001 734b 316c 72ae 32d5 720c 343d
0003090 7165 35a2 70bb 3705 700c 3866 6f58 39c5
00030a0 6ea1 3b22 6de5 3c7c 6d25 3dd4 6c60 3f2a
00030b0 6b98 407d 6acb 41ce 69fa 431c 6926 4468
00030c0 684d 45b1 6770 46f7 668f 483b 65aa 497c
00030d0 64c1 4ab9 63d4 4bf5 62e4 4d2d 61f0 4e62
00030e0 60f7 4f94 5ffc 50c3 5efc 51ef 5df9 5318
00030f0 5cf2 543e 5be7 5560 5ad9 567f 59c8 579b
0003100 58b3 58b3 579b 59c8 567f 5ad9 5560 5be7
0003110 543e 5cf2 5318 5df9 51ef 5efc 50c3 5ffc
0003120 4f94 60f7 4e62 61f0 4d2d 62e4 4bf5 63d4
0003130 4ab9 64c1 497c 65aa 483b 668f 46f7 6770
0003140 45b1 684d 4468 6926 431c 69fa 41ce 6acb
0003150 407d 6b98 3f2a 6c60 3dd4 6d25 3c7c 6de5
0003160 3b22 6ea1 39c5 6f58 3866 700c 3705 70bb
0003170 35a2 7165 343d 720c 32d5 72ae 316c 734b
0003180 3001 73e4 2e94 7479 2d25 7509 2bb5 7594
0003190 2a42 761b 28cf 769e 2759 771c 25e2 7795
00031a0 246a 780a 22f0 787a 2175 78e5 1ff8 794c
00031b0 1e7b 79ae 1cfc 7a0c 1b7c 7a64 19fb 7ab8
00031c0 1879 7b08 16f6 7b52 1572 7b98 13ed 7bd9
00031d0 1268 7c15 10e2 7c4c 0f5b 7c7f 0dd4 7cad
00031e0 0c4c 7cd6 0ac3 7cfa 093a 7d1a 07b1 7d34
00031f0 0628 7d4a 049e 7d5b 0314 7d67 018a 7d6e
0003200 0000 7d71 fe76 7d6e fcec 7d67 fb62 7d5b
0003210 f9d8 7d4a f84f 7d34 f6c6 7d1a f53d 7cfa
0003220 f3b4 7cd6 f22c 7cad f0a5 7c7f ef1e 7c4c
0003230 ed98 7c15 ec13 7bd9 ea8e 7b98 e90a 7b52
0003240 e787 7b08 e605 7ab8 e484 7a64 e304 7a0c
0003250 e185 79ae e008 794c de8b 78e5 dd10 787a
0003260 db96 780a da1e 7795 d8a7 771c d731 769e
0003270 d5be 761b d44b 7594 d2db 7509 d16c 7479
0003280 cfff 73e4 ce94 734b cd2b 72ae cbc3 720c
0003290 ca5e 7165 c8fb 70bb c79a 700c c63b 6f58
00032a0 c4de 6ea1 c384 6de5 c22c 6d25 c0d6 6c60
00032b0 bf83 6b98 be32 6acb bce4 69fa bb98 6926
00032c0 ba4f 684d b909 6770 b7c5 668f b684 65aa
00032d0 b547 64c1 b40b 63d4 b2d3 62e4 b19e 61f0
00032e0 b06c 60f7 af3d 5ffc ae11 5efc ace8 5df9
00032f0 abc2 5cf2 aaa0 5be7 a981 5ad9 a865 59c8
0003300 a74d 58b3 a638 579b a527 567f a419 5560
0003310 a30e 543e a207 5318 a104 51ef a004 50c3
0003320 9f09 4f94 9e10 4e62 9d1c 4d2d 9c2c 4bf5
0003330 9b3f 4ab9 9a56 497c 9971 483b 9890 46f7
0003340 97b3 45b1 96da 4468 9606 431c 9535 41ce
0003350 9468 407d 93a0 3f2a 92db 3dd4 921b 3c7c
0003360 915f 3b22 90a8 39c5 8ff4 3866 8f45 3705
0003370 8e9b 35a2 8df4 343d 8d52 32d5 8cb5 316c
0003380 8c1c 3001 8b87 2e94 8af7 2d25 8a6c 2bb5
0003390 89e5 2a42 8962 28cf 88e4 2759 886b 25e2
00033a0 87f6 246a 8786 22f0 871b 2175 86b4 1ff8
00033b0 8652 1e7b 85f4 1cfc 859c 1b7c 8548 19fb
00033c0 84f8 1879 84ae 16f6 8468 1572 8427 13ed
00033d0 83eb 1268 83b4 10e2 8381 0f5b 8353 0dd4
00033e0 832a 0c4c 8306 0ac3 82e6 093a 82cc 07b1
00033f0 82b6 0628 82a5 049e 8299 0314 8292 018a
0003400 828f 0000 8292 fe76 8299 fcec 82a5 fb62
0003410 82b6 f9d8 82cc f84f 82e6 f6c6 8306 f53d
0003420 832a f3b4 8353 f22c 8381 f0a5 83b4 ef1e
0003430 83eb ed98 8427 ec13 8468 ea8e 84ae e90a
0003440 84f8 e787 8548 e605 859c e484 85f4 e304
0003450 8652 e185 86b4 e008 871b de8b 8786 dd10
0003460 87f6 db96 886b da1e 88e4 d8a7 8962 d731
0003470 89e5 d5be 8a6c d44b 8af7 d2db 8b87 d16c
0003480 8c1c cfff 8cb5 ce94 8d52 cd2b 8df4 cbc3
0003490 8e9b ca5e 8f45 c8fb 8ff4 c79a 90a8 c63b
00034a0 915f c4de 921b c384 92db c22c 93a0 c0d6
00034b0 9468 bf83 9535 be32 9606 bce4 96da bb98
00034c0 97b3 ba4f 9890 b909 9971 b7c5 9a56 b684
00034d0 9b3f b547 9c2c b40b 9d1c b2d3 9e10 b19e
00034e0 9f09 b06c a004 af3d a104 ae11 a207 ace8
00034f0 a30e abc2 a419 aaa0 a527 a981 a638 a865
0003500 a74d a74d a865 a638 a981 a527 aaa0 a419
0003510 abc2 a30e ace8 a207 ae11 a104 af3d a004
0003520 b06c 9f09 b19e 9e10 b2d3 9d1c b40b 9c2c
0003530 b547 9b3f b684 9a56 b7c5 9971 b909 9890
0003540 ba4f 97b3 bb98 96da bce4 9606 be32 9535
0003550 bf83 9468 c0d6 93a0 c22c 92db c384 921b
0003560 c4de 915f c63b 90a8 c79a 8ff4 c8fb 8f45
0003570 ca5e 8e9b cbc3 8df4 cd2b 8d52 ce94 8cb5
0003580 cfff 8c1c d16c 8b87 d2db 8af7 d44b 8a6c
0003590 d5be 89e5 d731 8962 d8a7 88e4 da1e 886b
00035a0 db96 87f6 dd10 8786 de8b 871b e008 86b4
00035b0 e185 8652 e304 85f4 e484 859c e605 8548
00035c0 e787 84f8 e90a 84ae ea8e 8468 ec13 8427
00035d0 ed98 83eb ef1e 83b4 f0a5 8381 f22c 8353
00035e0 f3b4 832a f53d 8306 f6c6 82e6 f84f 82cc
00035f0 f9d8 82b6 fb62 82a5 fcec 8299 fe76 8292
0003600 0000 828f 018a 8292 0314 8299 049e 82a5
0003610 0628 82b6 07b1 82cc 093a 82e6 0ac3 8306
0003620 0c4c 832a 0dd4 8353 0f5b 8381 10e2 83b4
0003630 1268 83eb 13ed 8427 1572 8468 16f6 84ae
0003640 1879 84f8 19fb 8548 1b7c 859c 1cfc 85f4
0003650 1e7b 8652 1ff8 86b4 2175 871b 22f0 8786
0003660 246a 87f6 25e2 886b 2759 88e4 28cf 8962
0003670 2a42 89e5 2bb5 8a6c 2d25 8af7 2e94 8b87
0003680 3001 8c1c 316c 8cb5 32d5 8d52 343d 8df4
0003690 35a2 8e9b 3705 8f45 3866 8ff4 39c5 90a8
00036a0 3b22 915f 3c7c 921b 3dd4 92db 3f2a 93a0
00036b0 407d 9468 41ce 9535 431c 9606 4468 96da
00036c0 45b1 97b3 46f7 9890 483b 9971 497c 9a56
00036d0 4ab9 9b3f 4bf5 9c2c 4d2d 9d1c 4e62 9e10
00036e0 4f94 9f09 50c3 a004 51ef a104 5318 a207
00036f0 543e a30e 5560 a419 567f a527 579b a638
0003700 58b3 a74d 59c8 a865 5ad9 a981 5be7 aaa0
0003710 5cf2 abc2 5df9 ace8 5efc ae11 5ffc af3d
0003720 60f7 b06c 61f0 b19e 62e4 b2d3 63d4 b40b
0003730 64c1 b547 65aa b684 668f b7c5 6770 b909
0003740 684d ba4f 6926 bb98 69fa bce4 6acb be32
0003750 6b98 bf83 6c60 c0d6 6d25 c22c 6de5 c384
0003760 6ea1 c4de 6f58 c63b 700c c79a 70bb c8fb
0003770 7165 ca5e 720c cbc3 72ae cd2b 734b ce94
0003780 73e4 cfff 7479 d16c 7509 d2db 7594 d44b
0003790 761b d5be 769e d731 771c d8a7 7795 da1e
00037a0 780a db96 787a dd10 78e5 de8b 794c e008
00037b0 79ae e185 7a0c e304 7a64 e484 7ab8 e605
00037c0 7b08 e787 7b52 e90a 7b98 ea8e 7bd9 ec13
00037d0 7c15 ed98 7c4c ef1e 7c7f f0a5 7cad f22c
00037e0 7cd6 f3b4 7cfa f53d 7d1a f6c6 7d34 f84f
00037f0 7d4a f9d8 7d5b fb62 7d67 fcec 7d6e fe76
0003800 7d71 0000 7d6e 018a 7d67 0314 7d5b 049e
0003810 7d4a 0628 7d34 07b1 7d1a 093a 7cfa 0ac3
0003820 7cd6 0c4c 7cad 0dd4 7c7f 0f5b 7c4c 10e2
0003830 7c15 1268 7bd9 13ed 7b98 1572 7b52 16f6
0003840 7b08 1879 7ab8 19fb 7a64 1b7c 7a0c 1cfc
0003850 79ae 1e7b 794c 1ff8 78e5 2175 787a 22f0
0003860 780a 246a 7795 25e2 771c 2759 769e 28cf
0003870 761b 2a42 7594 2bb5 7509 2d25 7479 2e94
0003880 73e4 3001 734b 316c 72ae 32d5 720c 343d
0003890 7165 35a2 70bb 3705 700c 3866 6f58 39c5
00038a0 6ea1 3b22 6de5 3c7c 6d25 3dd4 6c60 3f2a
00038b0 6b98 407d 6acb 41ce 69fa 431c 6926 4468
00038c0 684d 45b1 6770 46f7 668f 483b 65aa 497c
00038d0 64c1 4ab9 63d4 4bf5 62e4 4d2d 61f0 4e62
00038e0 60f7 4f94 5ffc 50c3 5efc 51ef 5df9 5318
00038f0 5cf2 543e 5be7 5560 5ad9 567f 59c8 579b
0003900 58b3 58b3 579b 59c8 567f 5ad9 5560 5be7
0003910 543e 5cf2 5318 5df9 51ef 5efc 50c3 5ffc
0003920 4f94 60f7 4e62 61f0 4d2d 62e4 4bf5 63d4
0003930 4ab9 64c1 497c 65aa 483b 668f 46f7 6770
0003940 45b1 684d 4468 6926 431c 69fa 41ce 6acb
0003950 407d 6b98 3f2a 6c60 3dd4 6d25 3c7c 6de5
0003960 3b22 6ea1 39c5 6f58 3866 700c 3705 70bb
0003970 35a2 7165 343d 720c 32d5 72ae 316c 734b
0003980 3001 73e4 2e94 7479 2d25 7509 2bb5 7594
0003990 2a42 761b 28cf 769e 2759 771c 25e2 7795
00039a0 246a 780a 22f0 787a 2175 78e5 1ff8 794c
00039b0 1e7b 79ae 1cfc 7a0c 1b7c 7a64 19fb 7ab8
00039c0 1879 7b08 16f6 7b52 1572 7b98 13ed 7bd9
00039d0 1268 7c15 10e2 7c4c 0f5b 7c7f 0dd4 7cad
00039e0 0c4c 7cd6 0ac3 7cfa 093a 7d1a 07b1 7d34
00039f0 0628 7d4a 049e 7d5b 0314 7d67 018a 7d6e
0003a00 0000 7d71 fe76 7d6e fcec 7d67 fb62 7d5b
0003a10 f9d8 7d4a f84f 7d34 f6c6 7d1a f53d 7cfa
0003a20 f3b4 7cd6 f22c 7cad f0a5 7c7f ef1e 7c4c
0003a30 ed98 7c15 ec13 7bd9 ea8e 7b98 e90a 7b52
0003a40 e787 7b08 e605 7ab8 e484 7a64 e304 7a0c
0003a50 e185 79ae e008 794c de8b 78e5 dd10 787a
0003a60 db96 780a da1e 7795 d8a7 771c d731 769e
0003a70 d5be 761b d44b 7594 d2db 7509 d16c 7479
0003a80 cfff 73e4 ce94 734b cd2b 72ae cbc3 720c
0003a90 ca5e 7165 c8fb 70bb c79a 700c c63b 6f58
0003aa0 c4de 6ea1 c384 6de5 c22c 6d25 c0d6 6c60
0003ab0 bf83 6b98 be32 6acb bce4 69fa bb98 6926
0003ac0 ba4f 684d b909 6770 b7c5 668f b684 65aa
0003ad0 b547 64c1 b40b 63d4 b2d3 62e4 b19e 61f0
0003ae0 b06c 60f7 af3d 5ffc ae11 5efc ace8 5df9
0003af0 abc2 5cf2 aaa0 5be7 a981 5ad9 a865 59c8
0003b00 a74d 58b3 a638 579b a527 567f a419 5560
0003b10 a30e 543e a207 5318 a104 51ef a004 50c3
0003b20 9f09 4f94 9e10 4e62 9d1c 4d2d 9c2c 4bf5
0003b30 9b3f 4ab9 9a56 497c 9971 483b 9890 46f7
0003b40 97b3 45b1 96da 4468 9606 431c 9535 41ce
0003b50 9468 407d 93a0 3f2a 92db 3dd4 921b 3c7c
0003b60 915f 3b22 90a8 39c5 8ff4 3866 8f45 3705
0003b70 8e9b 35a2 8df4 343d 8d52 32d5 8cb5 316c
0003b80 8c1c 3001 8b87 2e94 8af7 2d25 8a6c 2bb5
0003b90 89e5 2a42 8962 28cf 88e4 2759 886b 25e2
0003ba0 87f6 246a 8786 22f0 871b 2175 86b4 1ff8
0003bb0 8652 1e7b 85f4 1cfc 859c 1b7c 8548 19fb
0003bc0 84f8 1879 84ae 16f6 8468 1572 8427 13ed
0003bd0 83eb 1268 83b4 10e2 8381 0f5b 8353 0dd4
0003be0 832a 0c4c 8306 0ac3 82e6 093a 82cc 07b1
0003bf0 82b6 0628 82a5 049e 8299 0314 8292 018a
0003c00 828f 0000 8292 fe76 8299 fcec 82a5 fb62
0003c10 82b6 f9d8 82cc f84f 82e6 f6c6 8306 f53d
0003c20 832a f3b4 8353 f22c 8381 f0a5 83b4 ef1e
0003c30 83eb ed98 8427 ec13 8468 ea8e 84ae e90a
0003c40 84f8 e787 8548 e605 859c e484 85f4 e304
0003c50 8652 e185 86b4 e008 871b de8b 8786 dd10
0003c60 87f6 db96 886b da1e 88e4 d8a7 8962 d731
0003c70 89e5 d5be 8a6c d44b 8af7 d2db 8b87 d16c
0003c80 8c1c cfff 8cb5 ce94 8d52 cd2b 8df4 cbc3
0003c90 8e9b ca5e 8f45 c8fb 8ff4 c79a 90a8 c63b
0003ca0 915f c4de 921b c384 92db c22c 93a0 c0d6
0003cb0 9468 bf83 9535 be32 9606 bce4 96da bb98
0003cc0 97b3 ba4f 9890 b909 9971 b7c5 9a56 b684
0003cd0 9b3f b547 9c2c b40b 9d1c b2d3 9e10 b19e
0003ce0 9f09 b06c a004 af3d a104 ae11 a207 ace8
0003cf0 a30e abc2 a419 aaa0 a527 a981 a638 a865
0003d00 a74d a74d a865 a638 a981 a527 aaa0 a419
0003d10 abc2 a30e ace8 a207 ae11 a104 af3d a004
0003d20 b06c 9f09 b19e 9e10 b2d3 9d1c b40b 9c2c
0003d30 b547 9b3f b684 9a56 b7c5 9971 b909 9890
0003d40 ba4f 97b3 bb98 96da bce4 9606 be32 9535
0003d50 bf83 9468 c0d6 93a0 c22c 92db c384 921b
0003d60 c4de 915f c63b 90a8 c79a 8ff4 c8fb 8f45
0003d70 ca5e 8e9b cbc3 8df4 cd2b 8d52 ce94 8cb5
0003d80 cfff 8c1c d16c 8b87 d2db 8af7 d44b 8a6c
0003d90 d5be 89e5 d731 8962 d8a7 88e4 da1e 886b
0003da0 db96 87f6 dd10 8786 de8b 871b e008 86b4
0003db0 e185 8652 e304 85f4 e484 859c e605 8548
0003dc0 e787 84f8 e90a 84ae ea8e 8468 ec13 8427
0003dd0 ed98 83eb ef1e 83b4 f0a5 8381 f22c 8353
0003de0 f3b4 832a f53d 8306 f6c6 82e6 f84f 82cc
0003df0 f9d8 82b6 fb62 82a5 fcec 8299 fe76 8292
0003e00 0000 828f 018a 8292 0314 8299 049e 82a5
0003e10 0628 82b6 07b1 82cc 093a 82e6 0ac3 8306
0003e20 0c4c 832a 0dd4 8353 0f5b 8381 10e2 83b4
0003e30 1268 83eb 13ed 8427 1572 8468 16f6 84ae
0003e40 1879 84f8 19fb 8548 1b7c 859c 1cfc 85f4
0003e50 1e7b 8652 1ff8 86b4 2175 871b 22f0 8786
0003e60 246a 87f6 25e2 886b 2759 88e4 28cf 8962
0003e70 2a42 89e5 2bb5 8a6c 2d25 8af7 2e94 8b87
0003e80 3001 8c1c 316c 8cb5 32d5 8d52 343d 8df4
0003e90 35a2 8e9b 3705 8f45 3866 8ff4 39c5 90a8
0003ea0 3b22 915f 3c7c 921b 3dd4 92db 3f2a 93a0
0003eb0 407d 9468 41ce 9535 431c 9606 4468 96da
0003ec0 45b1 97b3 46f7 9890 483b 9971 497c 9a56
0003ed0 4ab9 9b3f 4bf5 9c2c 4d2d 9d1c 4e62 9e10
0003ee0 4f94 9f09 50c3 a004 51ef a104 5318 a207
0003ef0 543e a30e 5560 a419 567f a527 579b a638
0003f00 58b3 a74d 59c8 a865 5ad9 a981 5be7 aaa0
0003f10 5cf2 abc2 5df9 ace8 5efc ae11 5ffc af3d
0003f20 60f7 b06c 61f0 b19e 62e4 b2d3 63d4 b40b
0003f30 64c1 b547 65aa b684 668f b7c5 6770 b909
0003f40 684d ba4f 6926 bb98 69fa bce4 6acb be32
0003f50 6b98 bf83 6c60 c0d6 6d25 c22c 6de5 c384
0003f60 6ea1 c4de 6f58 c63b 700c c79a 70bb c8fb
0003f70 7165 ca5e 720c cbc3 72ae cd2b 734b ce94
0003f80 73e4 cfff 7479 d16c 7509 d2db 7594 d44b
0003f90 761b d5be 769e d731 771c d8a7 7795 da1e
0003fa0 780a db96 787a dd10 78e5 de8b 794c e008
0003fb0 79ae e185 7a0c e304 7a64 e484 7ab8 e605
0003fc0 7b08 e787 7b52 e90a 7b98 ea8e 7bd9 ec13
0003fd0 7c15 ed98 7c4c ef1e 7c7f f0a5 7cad f22c
0003fe0 7cd6 f3b4 7cfa f53d 7d1a f6c6 7d34 f84f
0003ff0 7d4a f9d8 7d5b fb62 7d67 fcec 7d6e fe76
0004000 7d71 0000 7d6e 018a 7d67 0314 7d5b 049e
0004010 7d4a 0628 7d34 07b1 7d1a 093a 7cfa 0ac3
0004020 7cd6 0c4c 7cad 0dd4 7c7f 0f5b 7c4c 10e2
0004030 7c15 1268 7bd9 13ed 7b98 1572 7b52 16f6
0004040 7b08 1879 7ab8 19fb 7a64 1b7c 7a0c 1cfc
0004050 79ae 1e7b 794c 1ff8 78e5 2175 787a 22f0
0004060 780a 246a 7795 25e2 771c 2759 769e 28cf
0004070 761b 2a42 7594 2bb5 7509 2d25 7479 2e94
0004080 73e4 3001 734b 316c 72ae 32d5 720c 343d
0004090 7165 35a2 70bb 3705 700c 3866 6f58 39c5
00040a0 6ea1 3b22 6de5 3c7c 6d25 3dd4 6c60 3f2a
00040b0 6b98 407d 6acb 41ce 69fa 431c 6926 4468
00040c0 684d 45b1 6770 46f7 668f 483b 65aa 497c
00040d0 64c1 4ab9 63d4 4bf5 62e4 4d2d 61f0 4e62
00040e0 60f7 4f94 5ffc 50c3 5efc 51ef 5df9 5318
00040f0 5cf2 543e 5be7 5560 5ad9 567f 59c8 579b
0004100 58b3 58b3 579b 59c8 567f 5ad9 5560 5be7
0004110 543e 5cf2 5318 5df9 51ef 5efc 50c3 5ffc
0004120 4f94 60f7 4e62 61f0 4d2d 62e4 4bf5 63d4
0004130 4ab9 64c1 497c 65aa 483b 668f 46f7 6770
0004140 45b1 684d 4468 6926 431c 69fa 41ce 6acb
0004150 407d 6b98 3f2a 6c60 3dd4 6d25 3c7c 6de5
0004160 3b22 6ea1 39c5 6f58 3866 700c 3705 70bb
0004170 35a2 7165 343d 720c 32d5 72ae 316c 734b
0004180 3001 73e4 2e94 7479 2d25 7509 2bb5 7594
0004190 2a42 761b 28cf 769e 2759 771c 25e2 7795
00041a0 246a 780a 22f0 787a 2175 78e5 1ff8 794c
00041b0 1e7b 79ae 1cfc 7a0c 1b7c 7a64 19fb 7ab8
00041c0 1879 7b08 16f6 7b52 1572 7b98 13ed 7bd9
00041d0 1268 7c15 10e2 7c4c 0f5b 7c7f 0dd4 7cad
00041e0 0c4c 7cd6 0ac3 7cfa 093a 7d1a 07b1 7d34
00041f0 0628 7d4a 049e 7d5b 0314 7d67 018a 7d6e
0004200 0000 7d71 fe76 7d6e fcec 7d67 fb62 7d5b
0004210 f9d8 7d4a f84f 7d34 f6c6 7d1a f53d 7cfa
0004220 f3b4 7cd6 f22c 7cad f0a5 7c7f ef1e 7c4c
0004230 ed98 7c15 ec13 7bd9 ea8e 7b98 e90a 7b52
0004240 e787 7b08 e605 7ab8 e484 7a64 e304 7a0c
0004250 e185 79ae e008 794c de8b 78e5 dd10 787a
0004260 db96 780a da1e 7795 d8a7 771c d731 769e
0004270 d5be 761b d44b 7594 d2db 7509 d16c 7479
0004280 cfff 73e4 ce94 734b cd2b 72ae cbc3 720c
0004290 ca5e 7165 c8fb 70bb c79a 700c c63b 6f58
00042a0 c4de 6ea1 c384 6de5 c22c 6d25 c0d6 6c60
00042b0 bf83 6b98 be32 6acb bce4 69fa bb98 6926
00042c0 ba4f 684d b909 6770 b7c5 668f b684 65aa
00042d0 b547 64c1 b40b 63d4 b2d3 62e4 b19e 61f0
00042e0 b06c 60f7 af3d 5ffc ae11 5efc ace8 5df9
00042f0 abc2 5cf2 aaa0 5be7 a981 5ad9 a865 59c8
0004300 a74d 58b3 a638 579b a527 567f a419 5560
0004310 a30e 543e a207 5318 a104 51ef a004 50c3
0004320 9f09 4f94 9e10 4e62 9d1c 4d2d 9c2c 4bf5
0004330 9b3f 4ab9 9a56 497c 9971 483b 9890 46f7
0004340 97b3 45b1 96da 4468 9606 431c 9535 41ce
0004350 9468 407d 93a0 3f2a 92db 3dd4 921b 3c7c
0004360 915f 3b22 90a8 39c5 8ff4 3866 8f45 3705
0004370 8e9b 35a2 8df4 343d 8d52 32d5 8cb5 316c
0004380 8c1c 3001 8b87 2e94 8af7 2d25 8a6c 2bb5
0004390 89e5 2a42 8962 28cf 88e4 2759 886b 25e2
00043a0 87f6 246a 8786 22f0 871b 2175 86b4 1ff8
00043b0 8652 1e7b 85f4 1cfc 859c 1b7c 8548 19fb
00043c0 84f8 1879 84ae 16f6 8468 1572 8427 13ed
00043d0 83eb 1268 83b4 10e2 8381 0f5b 8353 0dd4
00043e0 832a 0c4c 8306 0ac3 82e6 093a 82cc 07b1
00043f0 82b6 0628 82a5 049e 8299 0314 8292 018a
0004400 828f 0000 8292 fe76 8299 fcec 82a5 fb62
0004410 82b6 f9d8 82cc f84f 82e6 f6c6 8306 f53d
0004420 832a f3b4 8353 f22c 8381 f0a5 83b4 ef1e
0004430 83eb ed98 8427 ec13 8468 ea8e 84ae e90a
0004440 84f8 e787 8548 e605 859c e484 85f4 e304
0004450 8652 e185 86b4 e008 871b de8b 8786 dd10
0004460 87f6 db96 886b da1e 88e4 d8a7 8962 d731
0004470 89e5 d5be 8a6c d44b 8af7 d2db 8b87 d16c
0004480 8c1c cfff 8cb5 ce94 8d52 cd2b 8df4 cbc3
0004490 8e9b ca5e 8f45 c8fb 8ff4 c79a 90a8 c63b
00044a0 915f c4de 921b c384 92db c22c 93a0 c0d6
00044b0 9468 bf83 9535 be32 9606 bce4 96da bb98
00044c0 97b3 ba4f 9890 b909 9971 b7c5 9a56 b684
00044d0 9b3f b547 9c2c b40b 9d1c b2d3 9e10 b19e
00044e0 9f09 b06c a004 af3d a104 ae11 a207 ace8
00044f0 a30e abc2 a419 aaa0 a527 a981 a638 a865
0004500 a74d a74d a865 a638 a981 a527 aaa0 a419
0004510 abc2 a30e ace8 a207 ae11 a104 af3d a004
0004520 b06c 9f09 b19e 9e10 b2d3 9d1c b40b 9c2c
0004530 b547 9b3f b684 9a56 b7c5 9971 b909 9890
0004540 ba4f 97b3 bb98 96da bce4 9606 be32 9535
0004550 bf83 9468 c0d6 93a0 c22c 92db c384 921b
0004560 c4de 915f c63b 90a8 c79a 8ff4 c8fb 8f45
0004570 ca5e 8e9b cbc3 8df4 cd2b 8d52 ce94 8cb5
0004580 cfff 8c1c d16c 8b87 d2db 8af7 d44b 8a6c
0004590 d5be 89e5 d731 8962 d8a7 88e4 da1e 886b
00045a0 db96 87f6 dd10 8786 de8b 871b e008 86b4
00045b0 e185 8652 e304 85f4 e484 859c e605 8548
00045c0 e787 84f8 e90a 84ae ea8e 8468 ec13 8427
00045d0 ed98 83eb ef1e 83b4 f0a5 8381 f22c 8353
00045e0 f3b4 832a f53d 8306 f6c6 82e6 f84f 82cc
00045f0 f9d8 82b6 fb62 82a5 fcec 8299 fe76 8292
0004600 0000 828f 018a 8292 0314 8299 049e 82a5
0004610 0628 82b6 07b1 82cc 093a 82e6 0ac3 8306
0004620 0c4c 832a 0dd4 8353 0f5b 8381 10e2 83b4
0004630 1268 83eb 13ed 8427 1572 8468 16f6 84ae
0004640 1879 84f8 19fb 8548 1b7c 859c 1cfc 85f4
0004650 1e7b 8652 1ff8 86b4 2175 871b 22f0 8786
0004660 246a 87f6 25e2 886b 2759 88e4 28cf 8962
0004670 2a42 89e5 2bb5 8a6c 2d25 8af7 2e94 8b87
0004680 3001 8c1c 316c 8cb5 32d5 8d52 343d 8df4
0004690 35a2 8e9b 3705 8f45 3866 8ff4 39c5 90a8
00046a0 3b22 915f 3c7c 921b 3dd4 92db 3f2a 93a0
00046b0 407d 9468 41ce 9535 431c 9606 4468 96da
00046c0 45b1 97b3 46f7 9890 483b 9971 497c 9a56
00046d0 4ab9 9b3f 4bf5 9c2c 4d2d 9d1c 4e62 9e10
00046e0 4f94 9f09 50c3 a004 51ef a104 5318 a207
00046f0 543e a30e 5560 a419 567f a527 579b a638
0004700 58b3 a74d 59c8 a865 5ad9 a981 5be7 aaa0
0004710 5cf2 abc2 5df9 ace8 5efc ae11 5ffc af3d
0004720 60f7 b06c 61f0 b19e 62e4 b2d3 63d4 b40b
0004730 64c1 b547 65aa b684 668f b7c5 6770 b909
0004740 684d ba4f 6926 bb98 69fa bce4 6acb be32
0004750 6b98 bf83 6c60 c0d6 6d25 c22c 6de5 c384
0004760 6ea1 c4de 6f58 c63b 700c c79a 70bb c8fb
0004770 7165 ca5e 720c cbc3 72ae cd2b 734b ce94
0004780 73e4 cfff 7479 d16c 7509 d2db 7594 d44b
0004790 761b d5be 769e d731 771c d8a7 7795 da1e
00047a0 780a db96 787a dd10 78e5 de8b 794c e008
00047b0 79ae e185 7a0c e304 7a64 e484 7ab8 e605
00047c0 7b08 e787 7b52 e90a 7b98 ea8e 7bd9 ec13
00047d0 7c15 ed98 7c4c ef1e 7c7f f0a5 7cad f22c
00047e0 7cd6 f3b4 7cfa f53d 7d1a f6c6 7d34 f84f
00047f0 7d4a f9d8 7d5b fb62 7d67 fcec 7d6e fe76
0004800 7d71 0000 7d6e 018a 7d67 0314 7d5b 049e
0004810 7d4a 0628 7d34 07b1 7d1a 093a 7cfa 0ac3
0004820 7cd6 0c4c 7cad 0dd4 7c7f 0f5b 7c4c 10e2
0004830 7c15 1268 7bd9 13ed 7b98 1572 7b52 16f6
0004840 7b08 1879 7ab8 19fb 7a64 1b7c 7a0c 1cfc
0004850 79ae 1e7b 794c 1ff8 78e5 2175 787a 22f0
0004860 780a 246a 7795 25e2 771c 2759 769e 28cf
0004870 761b 2a42 7594 2bb5 7509 2d25 7479 2e94
0004880 73e4 3001 734b 316c 72ae 32d5 720c 343d
0004890 7165 35a2 70bb 3705 700c 3866 6f58 39c5
00048a0 6ea1 3b22 6de5 3c7c 6d25 3dd4 6c60 3f2a
00048b0 6b98 407d 6acb 41ce 69fa 431c 6926 4468
00048c0 684d 45b1 6770 46f7 668f 483b 65aa 497c
00048d0 64c1 4ab9 63d4 4bf5 62e4 4d2d 61f0 4e62
00048e0 60f7 4f94 5ffc 50c3 5efc 51ef 5df9 5318
00048f0 5cf2 543e 5be7 5560 5ad9 567f 59c8 579b
0004900 58b3 58b3 579b 59c8 567f 5ad9 5560 5be7
0004910 543e 5cf2 5318 5df9 51ef 5efc 50c3 5ffc
0004920 4f94 60f7 4e62 61f0 4d2d 62e4 4bf5 63d4
0004930 4ab9 64c1 497c 65aa 483b 668f 46f7 6770
0004940 45b1 684d 4468 6926 431c 69fa 41ce 6acb
0004950 407d 6b98 3f2a 6c60 3dd4 6d25 3c7c 6de5
0004960 3b22 6ea1 39c5 6f58 3866 700c 3705 70bb
0004970 35a2 7165 343d 720c 32d5 72ae 316c 734b
0004980 3001 73e4 2e94 7479 2d25 7509 2bb5 7594
0004990 2a42 761b 28cf 769e 2759 771c 25e2 7795
00049a0 246a 780a 22f0 787a 2175 78e5 1ff8 794c
00049b0 1e7b 79ae 1cfc 7a0c 1b7c 7a64 19fb 7ab8
00049c0 1879 7b08 16f6 7b52 1572 7b98 13ed 7bd9
00049d0 1268 7c15 10e2 7c4c 0f5b 7c7f 0dd4 7cad
00049e0 0c4c 7cd6 0ac3 7cfa 093a 7d1a 07b1 7d34
00049f0 0628 7d4a 049e 7d5b 0314 7d67 018a 7d6e
0004a00 0000 7d71 fe76 7d6e fcec 7d67 fb62 7d5b
0004a10 f9d8 7d4a f84f 7d34 f6c6 7d1a f53d 7cfa
0004a20 f3b4 7cd6 f22c 7cad f0a5 7c7f ef1e 7c4c
0004a30 ed98 7c15 ec13 7bd9 ea8e 7b98 e90a 7b52
0004a40 e787 7b08 e605 7ab8 e484 7a64 e304 7a0c
0004a50 e185 79ae e008 794c de8b 78e5 dd10 787a
0004a60 db96 780a da1e 7795 d8a7 771c d731 769e
0004a70 d5be 761b d44b 7594 d2db 7509 d16c 7479
0004a80 cfff 73e4 ce94 734b cd2b 72ae cbc3 720c
0004a90 ca5e 7165 c8fb 70bb c79a 700c c63b 6f58
0004aa0 c4de 6ea1 c384 6de5 c22c 6d25 c0d6 6c60
0004ab0 bf83 6b98 be32 6acb bce4 69fa bb98 6926
0004ac0 ba4f 684d b909 6770 b7c5 668f b684 65aa
0004ad0 b547 64c1 b40b 63d4 b2d3 62e4 b19e 61f0
0004ae0 b06c 60f7 af3d 5ffc ae11 5efc ace8 5df9
0004af0 abc2 5cf2 aaa0 5be7 a981 5ad9 a865 59c8
0004b00 a74d 58b3 a638 579b a527 567f a419 5560
0004b10 a30e 543e a207 5318 a104 51ef a004 50c3
0004b20 9f09 4f94 9e10 4e62 9d1c 4d2d 9c2c 4bf5
0004b30 9b3f 4ab9 9a56 497c 9971 483b 9890 46f7
0004b40 97b3 45b1 96da 4468 9606 431c 9535 41ce
0004b50 9468 407d 93a0 3f2a 92db 3dd4 921b 3c7c
0004b60 915f 3b22 90a8 39c5 8ff4 3866 8f45 3705
0004b70 8e9b 35a2 8df4 343d 8d52 32d5 8cb5 316c
0004b80 8c1c 3001 8b87 2e94 8af7 2d25 8a6c 2bb5
0004b90 89e5 2a42 8962 28cf 88e4 2759 886b 25e2
0004ba0 87f6 246a 8786 22f0 871b 2175 86b4 1ff8
0004bb0 8652 1e7b 85f4 1cfc 859c 1b7c 8548 19fb
0004bc0 84f8 1879 84ae 16f6 8468 1572 8427 13ed
0004bd0 83eb 1268 83b4 10e2 8381 0f5b 8353 0dd4
0004be0 832a 0c4c 8306 0ac3 82e6 093a 82cc 07b1
0004bf0 82b6 0628 82a5 049e 8299 0314 8292 018a
0004c00 828f 0000 8292 fe76 8299 fcec 82a5 fb62
0004c10 82b6 f9d8 82cc f84f 82e6 f6c6 8306 f53d
0004c20 832a f3b4 8353 f22c 8381 f0a5 83b4 ef1e
0004c30 83eb ed98 8427 ec13 8468 ea8e 84ae e90a
0004c40 84f8 e787 8548 e605 859c e484 85f4 e304
0004c50 8652 e185 86b4 e008 871b de8b 8786 dd10
0004c60 87f6 db96 886b da1e 88e4 d8a7 8962 d731
0004c70 89e5 d5be 8a6c d44b 8af7 d2db 8b87 d16c
0004c80 8c1c cfff 8cb5 ce94 8d52 cd2b 8df4 cbc3
0004c90 8e9b ca5e 8f45 c8fb 8ff4 c79a 90a8 c63b
0004ca0 915f c4de 921b c384 92db c22c 93a0 c0d6
0004cb0 9468 bf83 9535 be32 9606 bce4 96da bb98
0004cc0 97b3 ba4f 9890 b909 9971 b7c5 9a56 b684
0004cd0 9b3f b547 9c2c b40b 9d1c b2d3 9e10 b19e
0004ce0 9f09 b06c a004 af3d a104 ae11 a207 ace8
0004cf0 a30e abc2 a419 aaa0 a527 a981 a638 a865
0004d00 a74d a74d a865 a638 a981 a527 aaa0 a419
0004d10 abc2 a30e ace8 a207 ae11 a104 af3d a004
0004d20 b06c 9f09 b19e 9e10 b2d3 9d1c b40b 9c2c
0004d30 b547 9b3f b684 9a56 b7c5 9971 b909 9890
0004d40 ba4f 97b3 bb98 96da bce4 9606 be32 9535
0004d50 bf83 9468 c0d6 93a0 c22c 92db c384 921b
0004d60 c4de 915f c63b 90a8 c79a 8ff4 c8fb 8f45
0004d70 ca5e 8e9b cbc3 8df4 cd2b 8d52 ce94 8cb5
0004d80 cfff 8c1c d16c 8b87 d2db 8af7 d44b 8a6c
0004d90 d5be 89e5 d731 8962 d8a7 88e4 da1e 886b
0004da0 db96 87f6 dd10 8786 de8b 871b e008 86b4
0004db0 e185 8652 e304 85f4 e484 859c e605 8548
0004dc0 e787 84f8 e90a 84ae ea8e 8468 ec13 8427
0004dd0 ed98 83eb ef1e 83b4 f0a5 8381 f22c 8353
0004de0 f3b4 832a f53d 8306 f6c6 82e6 f84f 82cc
0004df0 f9d8 82b6 fb62 82a5 fcec 8299 fe76 8292
0004e00 0000 828f 018a 8292 0314 8299 049e 82a5
0004e10 0628 82b6 07b1 82cc 093a 82e6 0ac3 8306
0004e20 0c4c 832a 0dd4 8353 0f5b 8381 10e2 83b4
0004e30 1268 83eb 13ed 8427 1572 8468 16f6 84ae
0004e40 1879 84f8 19fb 8548 1b7c 859c 1cfc 85f4
0004e50 1e7b 8652 1ff8 86b4 2175 871b 22f0 8786
0004e60 246a 87f6 25e2 886b 2759 88e4 28cf 8962
0004e70 2a42 89e5 2bb5 8a6c 2d25 8af7 2e94 8b87
0004e80 3001 8c1c 316c 8cb5 32d5 8d52 343d 8df4
0004e90 35a2 8e9b 3705 8f45 3866 8ff4 39c5 90a8
0004ea0 3b22 915f 3c7c 921b 3dd4 92db 3f2a 93a0
0004eb0 407d 9468 41ce 9535 431c 9606 4468 96da
0004ec0 45b1 97b3 46f7 9890 483b 9971 497c 9a56
0004ed0 4ab9 9b3f 4bf5 9c2c 4d2d 9d1c 4e62 9e10
0004ee0 4f94 9f09 50c3 a004 51ef a104 5318 a207
0004ef0 543e a30e 5560 a419 567f a527 579b a638
0004f00 58b3 a74d 59c8 a865 5ad9 a981 5be7 aaa0
0004f10 5cf2 abc2 5df9 ace8 5efc ae11 5ffc af3d
0004f20 60f7 b06c 61f0 b19e 62e4 b2d3 63d4 b40b
0004f30 64c1 b547 65aa b684 668f b7c5 6770 b909
0004f40 684d ba4f 6926 bb98 69fa bce4 6acb be32
0004f50 6b98 bf83 6c60 c0d6 6d25 c22c 6de5 c384
0004f60 6ea1 c4de 6f58 c63b 700c c79a 70bb c8fb
0004f70 7165 ca5e 720c cbc3 72ae cd2b 734b ce94
0004f80 73e4 cfff 7479 d16c 7509 d2db 7594 d44b
0004f90 761b d5be 769e d731 771c d8a7 7795 da1e
0004fa0 780a db96 787a dd10 78e5 de8b 794c e008
0004fb0 79ae e185 7a0c e304 7a64 e484 7ab8 e605
0004fc0 7b08 e787 7b52 e90a 7b98 ea8e 7bd9 ec13
0004fd0 7c15 ed98 7c4c ef1e 7c7f f0a5 7cad f22c
0004fe0 7cd6 f3b4 7cfa f53d 7d1a f6c6 7d34 f84f
0004ff0 7d4a f9d8 7d5b fb62 7d67 fcec 7d6e fe76
0005000 7d71 0000 7d6e 018a 7d67 0314 7d5b 049e
0005010 7d4a 0628 7d34 07b1 7d1a 093a 7cfa 0ac3
0005020 7cd6 0c4c 7cad 0dd4 7c7f 0f5b 7c4c 10e2
0005030 7c15 1268 7bd9 13ed 7b98 1572 7b52 16f6
0005040 7b08 1879 7ab8 19fb 7a64 1b7c 7a0c 1cfc
0005050 79ae 1e7b 794c 1ff8 78e5 2175 787a 22f0
0005060 780a 246a 7795 25e2 771c 2759 769e 28cf
0005070 761b 2a42 7594 2bb5 7509 2d25 7479 2e94
0005080 73e4 3001 734b 316c 72ae 32d5 720c 343d
0005090 7165 35a2 70bb 3705 700c 3866 6f58 39c5
00050a0 6ea1 3b22 6de5 3c7c 6d25 3dd4 6c60 3f2a
00050b0 6b98 407d 6acb 41ce 69fa 431c 6926 4468
00050c0 684d 45b1 6770 46f7 668f 483b 65aa 497c
00050d0 64c1 4ab9 63d4 4bf5 62e4 4d2d 61f0 4e62
00050e0 60f7 4f94 5ffc 50c3 5efc 51ef 5df9 5318
00050f0 5cf2 543e 5be7 5560 5ad9 567f 59c8 579b
0005100 58b3 58b3 579b 59c8 567f 5ad9 5560 5be7
0005110 543e 5cf2 5318 5df9 51ef 5efc 50c3 5ffc
0005120 4f94 60f7 4e62 61f0 4d2d 62e4 4bf5 63d4
0005130 4ab9 64c1 497c 65aa 483b 668f 46f7 6770
0005140 45b1 684d 4468 6926 431c 69fa 41ce 6acb
0005150 407d 6b98 3f2a 6c60 3dd4 6d25 3c7c 6de5
0005160 3b22 6ea1 39c5 6f58 3866 700c 3705 70bb
0005170 35a2 7165 343d 720c 32d5 72ae 316c 734b
0005180 3001 73e4 2e94 7479 2d25 7509 2bb5 7594
0005190 2a42 761b 28cf 769e 2759 771c 25e2 7795
00051a0 246a 780a 22f0 787a 2175 78e5 1ff8 794c
00051b0 1e7b 79ae 1cfc 7a0c 1b7c 7a64 19fb 7ab8
00051c0 1879 7b08 16f6 7b52 1572 7b98 13ed 7bd9
00051d0 1268 7c15 10e2 7c4c 0f5b 7c7f 0dd4 7cad
00051e0 0c4c 7cd6 0ac3 7cfa 093a 7d1a 07b1 7d34
00051f0 0628 7d4a 049e 7d5b 0314 7d67 018a 7d6e
0005200 0000 7d71 fe76 7d6e fcec 7d67 fb62 7d5b
0005210 f9d8 7d4a f84f 7d34 f6c6 7d1a f53d 7cfa
0005220 f3b4 7cd6 f22c 7cad f0a5 7c7f ef1e 7c4c
0005230 ed98 7c15 ec13 7bd9 ea8e 7b98 e90a 7b52
0005240 e787 7b08 e605 7ab8 e484 7a64 e304 7a0c
0005250 e185 79ae e008 794c de8b 78e5 dd10 787a
0005260 db96 780a da1e 7795 d8a7 771c d731 769e
0005270 d5be 761b d44b 7594 d2db 7509 d16c 7479
0005280 cfff 73e4 ce94 734b cd2b 72ae cbc3 720c
0005290 ca5e 7165 c8fb 70bb c79a 700c c63b 6f58
00052a0 c4de 6ea1 c384 6de5 c22c 6d25 c0d6 6c60
00052b0 bf83 6b98 be32 6acb bce4 69fa bb98 6926
00052c0 ba4f 684d b909 6770 b7c5 668f b684 65aa
00052d0 b547 64c1 b40b 63d4 b2d3 62e4 b19e 61f0
00052e0 b06c 60f7 af3d 5ffc ae11 5efc ace8 5df9
00052f0 abc2 5cf2 aaa0 5be7 a981 5ad9 a865 59c8
0005300 a74d 58b3 a638 579b a527 567f a419 5560
0005310 a30e 543e a207 5318 a104 51ef a004 50c3
0005320 9f09 4f94 9e10 4e62 9d1c 4d2d 9c2c 4bf5
0005330 9b3f 4ab9 9a56 497c 9971 483b 9890 46f7
0005340 97b3 45b1 96da 4468 9606 431c 9535 41ce
0005350 9468 407d 93a0 3f2a 92db 3dd4 921b 3c7c
0005360 915f 3b22 90a8 39c5 8ff4 3866 8f45 3705
0005370 8e9b 35a2 8df4 343d 8d52 32d5 8cb5 316c
0005380 8c1c 3001 8b87 2e94 8af7 2d25 8a6c 2bb5
0005390 89e5 2a42 8962 28cf 88e4 2759 886b 25e2
00053a0 87f6 246a 8786 22f0 871b 2175 86b4 1ff8
00053b0 8652 1e7b 85f4 1cfc 859c 1b7c 8548 19fb
00053c0 84f8 1879 84ae 16f6 8468 1572 8427 13ed
00053d0 83eb 1268 83b4 10e2 8381 0f5b 8353 0dd4
00053e0 832a 0c4c 8306 0ac3 82e6 093a 82cc 07b1
00053f0 82b6 0628 82a5 049e 8299 0314 8292 018a
0005400 828f 0000 8292 fe76 8299 fcec 82a5 fb62
0005410 82b6 f9d8 82cc f84f 82e6 f6c6 8306 f53d
0005420 832a f3b4 8353 f22c 8381 f0a5 83b4 ef1e
0005430 83eb ed98 8427 ec13 8468 ea8e 84ae e90a
0005440 84f8 e787 8548 e605 859c e484 85f4 e304
0005450 8652 e185 86b4 e008 871b de8b 8786 dd10
0005460 87f6 db96 886b da1e 88e4 d8a7 8962 d731
0005470 89e5 d5be 8a6c d44b 8af7 d2db 8b87 d16c
0005480 8c1c cfff 8cb5 ce94 8d52 cd2b 8df4 cbc3
0005490 8e9b ca5e 8f45 c8fb 8ff4 c79a 90a8 c63b
00054a0 915f c4de 921b c384 92db c22c 93a0 c0d6
00054b0 9468 bf83 9535 be32 9606 bce4 96da bb98
00054c0 97b3 ba4f 9890 b909 9971 b7c5 9a56 b684
00054d0 9b3f b547 9c2c b40b 9d1c b2d3 9e10 b19e
00054e0 9f09 b06c a004 af3d a104 ae11 a207 ace8
00054f0 a30e abc2 a419 aaa0 a527 a981 a638 a865
0005500 a74d a74d a865 a638 a981 a527 aaa0 a419
0005510 abc2 a30e ace8 a207 ae11 a104 af3d a004
0005520 b06c 9f09 b19e 9e10 b2d3 9d1c b40b 9c2c
0005530 b547 9b3f b684 9a56 b7c5 9971 b909 9890
0005540 ba4f 97b3 bb98 96da bce4 9606 be32 9535
0005550 bf83 9468 c0d6 93a0 c22c 92db c384 921b
0005560 c4de 915f c63b 90a8 c79a 8ff4 c8fb 8f45
0005570 ca5e 8e9b cbc3 8df4 cd2b 8d52 ce94 8cb5
0005580 cfff 8c1c d16c 8b87 d2db 8af7 d44b 8a6c
0005590 d5be 89e5 d731 8962 d8a7 88e4 da1e 886b
00055a0 db96 87f6 dd10 8786 de8b 871b e008 86b4
00055b0 e185 8652 e304 85f4 e484 859c e605 8548
00055c0 e787 84f8 e90a 84ae ea8e 8468 ec13 8427
00055d0 ed98 83eb ef1e 83b4 f0a5 8381 f22c 8353
00055e0 f3b4 832a f53d 8306 f6c6 82e6 f84f 82cc
00055f0 f9d8 82b6 fb62 82a5 fcec 8299 fe76 8292
0005600 0000 828f 018a 8292 0314 8299 049e 82a5
0005610 0628 82b6 07b1 82cc 093a 82e6 0ac3 8306
0005620 0c4c 832a 0dd4 8353 0f5b 8381 10e2 83b4
0005630 1268 83eb 13ed 8427 1572 8468 16f6 84ae
0005640 1879 84f8 19fb 8548 1b7c 859c 1cfc 85f4
0005650 1e7b 8652 1ff8 86b4 2175 871b 22f0 8786
0005660 246a 87f6 25e2 886b 2759 88e4 28cf 8962
0005670 2a42 89e5 2bb5 8a6c 2d25 8af7 2e94 8b87
0005680 3001 8c1c 316c 8cb5 32d5 8d52 343d 8df4
0005690 35a2 8e9b 3705 8f45 3866 8ff4 39c5 90a8
00056a0 3b22 915f 3c7c 921b 3dd4 92db 3f2a 93a0
00056b0 407d 9468 41ce 9535 431c 9606 4468 96da
00056c0 45b1 97b3 46f7 9890 483b 9971 497c 9a56
00056d0 4ab9 9b3f 4bf5 9c2c 4d2d 9d1c 4e62 9e10
00056e0 4f94 9f09 50c3 a004 51ef a104 5318 a207
00056f0 543e a30e 5560 a419 567f a527 579b a638
0005700 58b3 a74d 59c8 a865 5ad9 a981 5be7 aaa0
0005710 5cf2 abc2 5df9 ace8 5efc ae11 5ffc af3d
0005720 60f7 b06c 61f0 b19e 62e4 b2d3 63d4 b40b
0005730 64c1 b547 65aa b684 668f b7c5 6770 b909
0005740 684d ba4f 6926 bb98 69fa bce4 6acb be32
0005750 6b98 bf83 6c60 c0d6 6d25 c22c 6de5 c384
0005760 6ea1 c4de 6f58 c63b 700c c79a 70bb c8fb
0005770 7165 ca5e 720c cbc3 72ae cd2b 734b ce94
0005780 73e4 cfff 7479 d16c 7509 d2db 7594 d44b
0005790 761b d5be 769e d731 771c d8a7 7795 da1e
00057a0 780a db96 787a dd10 78e5 de8b 794c e008
00057b0 79ae e185 7a0c e304 7a64 e484 7ab8 e605
00057c0 7b08 e787 7b52 e90a 7b98 ea8e 7bd9 ec13
00057d0 7c15 ed98 7c4c ef1e 7c7f f0a5 7cad f22c
00057e0 7cd6 f3b4 7cfa f53d 7d1a f6c6 7d34 f84f
00057f0 7d4a f9d8 7d5b fb62 7d67 fcec 7d6e fe76
0005800 7d71 0000 7d6e 018a 7d67 0314 7d5b 049e
0005810 7d4a 0628 7d34 07b1 7d1a 093a 7cfa 0ac3
0005820 7cd6 0c4c 7cad 0dd4 7c7f 0f5b 7c4c 10e2
0005830 7c15 1268 7bd9 13ed 7b98 1572 7b52 16f6
0005840 7b08 1879 7ab8 19fb 7a64 1b7c 7a0c 1cfc
0005850 79ae 1e7b 794c 1ff8 78e5 2175 787a 22f0
0005860 780a 246a 7795 25e2 771c 2759 769e 28cf
0005870 761b 2a42 7594 2bb5 7509 2d25 7479 2e94
0005880 73e4 3001 734b 316c 72ae 32d5 720c 343d
0005890 7165 35a2 70bb 3705 700c 3866 6f58 39c5
00058a0 6ea1 3b22 6de5 3c7c 6d25 3dd4 6c60 3f2a
00058b0 6b98 407d 6acb 41ce 69fa 431c 6926 4468
00058c0 684d 45b1 6770 46f7 668f 483b 65aa 497c
00058d0 64c1 4ab9 63d4 4bf5 62e4 4d2d 61f0 4e62
00058e0 60f7 4f94 5ffc 50c3 5efc 51ef 5df9 5318
00058f0 5cf2 543e 5be7 5560 5ad9 567f 59c8 579b
0005900 58b3 58b3 579b 59c8 567f 5ad9 5560 5be7
0005910 543e 5cf2 5318 5df9 51ef 5efc 50c3 5ffc
0005920 4f94 60f7 4e62 61f0 4d2d 62e4 4bf5 63d4
0005930 4ab9 64c1 497c 65aa 483b 668f 46f7 6770
0005940 45b1 684d 4468 6926 431c 69fa 41ce 6acb
0005950 407d 6b98 3f2a 6c60 3dd4 6d25 3c7c 6de5
0005960 3b22 6ea1 39c5 6f58 3866 700c 3705 70bb
0005970 35a2 7165 343d 720c 32d5 72ae 316c 734b
0005980 3001 73e4 2e94 7479 2d25 7509 2bb5 7594
0005990 2a42 761b 28cf 769e 2759 771c 25e2 7795
00059a0 246a 780a 22f0 787a 2175 78e5 1ff8 794c
00059b0 1e7b 79ae 1cfc 7a0c 1b7c 7a64 19fb 7ab8
00059c0 1879 7b08 16f6 7b52 1572 7b98 13ed 7bd9
00059d0 1268 7c15 10e2 7c4c 0f5b 7c7f 0dd4 7cad
00059e0 0c4c 7cd6 0ac3 7cfa 093a 7d1a 07b1 7d34
00059f0 0628 7d4a 049e 7d5b 0314 7d67 018a 7d6e
0005a00 0000 7d71 fe76 7d6e fcec 7d67 fb62 7d5b
0005a10 f9d8 7d4a f84f 7d34 f6c6 7d1a f53d 7cfa
0005a20 f3b4 7cd6 f22c 7cad f0a5 7c7f ef1e 7c4c
0005a30 ed98 7c15 ec13 7bd9 ea8e 7b98 e90a 7b52
0005a40 e787 7b08 e605 7ab8 e484 7a64 e304 7a0c
0005a50 e185 79ae e008 794c de8b 78e5 dd10 787a
0005a60 db96 780a da1e 7795 d8a7 771c d731 769e
0005a70 d5be 761b d44b 7594 d2db 7509 d16c 7479
0005a80 cfff 73e4 ce94 734b cd2b 72ae cbc3 720c
0005a90 ca5e 7165 c8fb 70bb c79a 700c c63b 6f58
0005aa0 c4de 6ea1 c384 6de5 c22c 6d25 c0d6 6c60
0005ab0 bf83 6b98 be32 6acb bce4 69fa bb98 6926
0005ac0 ba4f 684d b909 6770 b7c5 668f b684 65aa
0005ad0 b547 64c1 b40b 63d4 b2d3 62e4 b19e 61f0
0005ae0 b06c 60f7 af3d 5ffc ae11 5efc ace8 5df9
0005af0 abc2 5cf2 aaa0 5be7 a981 5ad9 a865 59c8
0005b00 a74d 58b3 a638 579b a527 567f a419 5560
0005b10 a30e 543e a207 5318 a104 51ef a004 50c3
0005b20 9f09 4f94 9e10 4e62 9d1c 4d2d 9c2c 4bf5
0005b30 9b3f 4ab9 9a56 497c 9971 483b 9890 46f7
0005b40 97b3 45b1 96da 4468 9606 431c 9535 41ce
0005b50 9468 407d 93a0 3f2a 92db 3dd4 921b 3c7c
0005b60 915f 3b22 90a8 39c5 8ff4 3866 8f45 3705
0005b70 8e9b 35a2 8df4 343d 8d52 32d5 8cb5 316c
0005b80 8c1c 3001 8b87 2e94 8af7 2d25 8a6c 2bb5
0005b90 89e5 2a42 8962 28cf 88e4 2759 886b 25e2
0005ba0 87f6 246a 8786 22f0 871b 2175 86b4 1ff8
0005bb0 8652 1e7b 85f4 1cfc 859c 1b7c 8548 19fb
0005bc0 84f8 1879 84ae 16f6 8468 1572 8427 13ed
0005bd0 83eb 1268 83b4 10e2 8381 0f5b 8353 0dd4
0005be0 832a 0c4c 8306 0ac3 82e6 093a 82cc 07b1
0005bf0 82b6 0628 82a5 049e 8299 0314 8292 018a
0005c00 828f 0000 8292 fe76 8299 fcec 82a5 fb62
0005c10 82b6 f9d8 82cc f84f 82e6 f6c6 8306 f53d
0005c20 832a f3b4 8353 f22c 8381 f0a5 83b4 ef1e
0005c30 83eb ed98 8427 ec13 8468 ea8e 84ae e90a
0005c40 84f8 e787 8548 e605 859c e484 85f4 e304
0005c50 8652 e185 86b4 e008 871b de8b 8786 dd10
0005c60 87f6 db96 886b da1e 88e4 d8a7 8962 d731
0005c70 89e5 d5be 8a6c d44b 8af7 d2db 8b87 d16c
0005c80 8c1c cfff 8cb5 ce94 8d52 cd2b 8df4 cbc3
0005c90 8e9b ca5e 8f45 c8fb 8ff4 c79a 90a8 c63b
0005ca0 915f c4de 921b c384 92db c22c 93a0 c0d6
0005cb0 9468 bf83 9535 be32 9606 bce4 96da bb98
0005cc0 97b3 ba4f 9890 b909 9971 b7c5 9a56 b684
0005cd0 9b3f b547 9c2c b40b 9d1c b2d3 9e10 b19e
0005ce0 9f09 b06c a004 af3d a104 ae11 a207 ace8
0005cf0 a30e abc2 a419 aaa0 a527 a981 a638 a865
0005d00 a74d a74d a865 a638 a981 a527 aaa0 a419
0005d10 abc2 a30e ace8 a207 ae11 a104 af3d a004
0005d20 b06c 9f09 b19e 9e10 b2d3 9d1c b40b 9c2c
0005d30 b547 9b3f b684 9a56 b7c5 9971 b909 9890
0005d40 ba4f 97b3 bb98 96da bce4 9606 be32 9535
0005d50 bf83 9468 c0d6 93a0 c22c 92db c384 921b
0005d60 c4de 915f c63b 90a8 c79a 8ff4 c8fb 8f45
0005d70 ca5e 8e9b cbc3 8df4 cd2b 8d52 ce94 8cb5
0005d80 cfff 8c1c d16c 8b87 d2db 8af7 d44b 8a6c
0005d90 d5be 89e5 d731 8962 d8a7 88e4 da1e 886b
0005da0 db96 87f6 dd10 8786 de8b 871b e008 86b4
0005db0 e185 8652 e304 85f4 e484 859c e605 8548
0005dc0 e787 84f8 e90a 84ae ea8e 8468 ec13 8427
0005dd0 ed98 83eb ef1e 83b4 f0a5 8381 f22c 8353
0005de0 f3b4 832a f53d 8306 f6c6 82e6 f84f 82cc
0005df0 f9d8 82b6 fb62 82a5 fcec 8299 fe76 8292
0005e00 0000 828f 018a 8292 0314 8299 049e 82a5
0005e10 0628 82b6 07b1 82cc 093a 82e6 0ac3 8306
0005e20 0c4c 832a 0dd4 8353 0f5b 8381 10e2 83b4
0005e30 1268 83eb 13ed 8427 1572 8468 16f6 84ae
0005e40 1879 84f8 19fb 8548 1b7c 859c 1cfc 85f4
0005e50 1e7b 8652 1ff8 86b4 2175 871b 22f0 8786
0005e60 246a 87f6 25e2 886b 2759 88e4 28cf 8962
0005e70 2a42 89e5 2bb5 8a6c 2d25 8af7 2e94 8b87
0005e80 3001 8c1c 316c 8cb5 32d5 8d52 343d 8df4
0005e90 35a2 8e9b 3705 8f45 3866 8ff4 39c5 90a8
0005ea0 3b22 915f 3c7c 921b 3dd4 92db 3f2a 93a0
0005eb0 407d 9468 41ce 9535 431c 9606 4468 96da
0005ec0 45b1 97b3 46f7 9890 483b 9971 497c 9a56
0005ed0 4ab9 9b3f 4bf5 9c2c 4d2d 9d1c 4e62 9e10
0005ee0 4f94 9f09 50c3 a004 51ef a104 5318 a207
0005ef0 543e a30e 5560 a419 567f a527 579b a638
0005f00 58b3 a74d 59c8 a865 5ad9 a981 5be7 aaa0
0005f10 5cf2 abc2 5df9 ace8 5efc ae11 5ffc af3d
0005f20 60f7 b06c 61f0 b19e 62e4 b2d3 63d4 b40b
0005f30 64c1 b547 65aa b684 668f b7c5 6770 b909
0005f40 684d ba4f 6926 bb98 69fa bce4 6acb be32
0005f50 6b98 bf83 6c60 c0d6 6d25 c22c 6de5 c384
0005f60 6ea1 c4de 6f58 c63b 700c c79a 70bb c8fb
0005f70 7165 ca5e 720c cbc3 72ae cd2b 734b ce94
0005f80 73e4 cfff 7479 d16c 7509 d2db 7594 d44b
0005f90 761b d5be 769e d731 771c d8a7 7795 da1e
0005fa0 780a db96 787a dd10 78e5 de8b 794c e008
0005fb0 79ae e185 7a0c e304 7a64 e484 7ab8 e605
0005fc0 7b08 e787 7b52 e90a 7b98 ea8e 7bd9 ec13
0005fd0 7c15 ed98 7c4c ef1e 7c7f f0a5 7cad f22c
0005fe0 7cd6 f3b4 7cfa f53d 7d1a f6c6 7d34 f84f
0005ff0 7d4a f9d8 7d5b fb62 7d67 fcec 7d6e fe76
0006000 7d71 0000 7d6e 018a 7d67 0314 7d5b 049e
0006010 7d4a 0628 7d34 07b1 7d1a 093a 7cfa 0ac3
0006020 7cd6 0c4c 7cad 0dd4 7c7f 0f5b 7c4c 10e2
0006030 7c15 1268 7bd9 13ed 7b98 1572 7b52 16f6
0006040 7b08 1879 7ab8 19fb 7a64 1b7c 7a0c 1cfc
0006050 79ae 1e7b 794c 1ff8 78e5 2175 787a 22f0
0006060 780a 246a 7795 25e2 771c 2759 769e 28cf
0006070 761b 2a42 7594 2bb5 7509 2d25 7479 2e94
0006080 73e4 3001 734b 316c 72ae 32d5 720c 343d
0006090 7165 35a2 70bb 3705 700c 3866 6f58 39c5
00060a0 6ea1 3b22 6de5 3c7c 6d25 3dd4 6c60 3f2a
00060b0 6b98 407d 6acb 41ce 69fa 431c 6926 4468
00060c0 684d 45b1 6770 46f7 668f 483b 65aa 497c
00060d0 64c1 4ab9 63d4 4bf5 62e4 4d2d 61f0 4e62
00060e0 60f7 4f94 5ffc 50c3 5efc 51ef 5df9 5318
00060f0 5cf2 543e 5be7 5560 5ad9 567f 59c8 579b
0006100 58b3 58b3 579b 59c8 567f 5ad9 5560 5be7
0006110 543e 5cf2 5318 5df9 51ef 5efc 50c3 5ffc
0006120 4f94 60f7 4e62 61f0 4d2d 62e4 4bf5 63d4
0006130 4ab9 64c1 497c 65aa 483b 668f 46f7 6770
0006140 45b1 684d 4468 6926 431c 69fa 41ce 6acb
0006150 407d 6b98 3f2a 6c60 3dd4 6d25 3c7c 6de5
0006160 3b22 6ea1 39c5 6f58 3866 700c 3705 70bb
0006170 35a2 7165 343d 720c 32d5 72ae 316c 734b
0006180 3001 73e4 2e94 7479 2d25 7509 2bb5 7594
0006190 2a42 761b 28cf 769e 2759 771c 25e2 7795
00061a0 246a 780a 22f0 787a 2175 78e5 1ff8 794c
00061b0 1e7b 79ae 1cfc 7a0c 1b7c 7a64 19fb 7ab8
00061c0 1879 7b08 16f6 7b52 1572 7b98 13ed 7bd9
00061d0 1268 7c15 10e2 7c4c 0f5b 7c7f 0dd4 7cad
00061e0 0c4c 7cd6 0ac3 7cfa 093a 7d1a 07b1 7d34
00061f0 0628 7d4a 049e 7d5b 0314 7d67 018a 7d6e
0006200 0000 7d71 fe76 7d6e fcec 7d67 fb62 7d5b
0006210 f9d8 7d4a f84f 7d34 f6c6 7d1a f53d 7cfa
0006220 f3b4 7cd6 f22c 7cad f0a5 7c7f ef1e 7c4c
0006230 ed98 7c15 ec13 7bd9 ea8e 7b98 e90a 7b52
0006240 e787 7b08 e605 7ab8 e484 7a64 e304 7a0c
0006250 e185 79ae e008 794c de8b 78e5 dd10 787a
0006260 db96 780a da1e 7795 d8a7 771c d731 769e
0006270 d5be 761b d44b 7594 d2db 7509 d16c 7479
0006280 cfff 73e4 ce94 734b cd2b 72ae cbc3 720c
0006290 ca5e 7165 c8fb 70bb c79a 700c c63b 6f58
00062a0 c4de 6ea1 c384 6de5 c22c 6d25 c0d6 6c60
00062b0 bf83 6b98 be32 6acb bce4 69fa bb98 6926
00062c0 ba4f 684d b909 6770 b7c5 668f b684 65aa
00062d0 b547 64c1 b40b 63d4 b2d3 62e4 b19e 61f0
00062e0 b06c 60f7 af3d 5ffc ae11 5efc ace8 5df9
00062f0 abc2 5cf2 aaa0 5be7 a981 5ad9 a865 59c8
0006300 a74d 58b3 a638 579b a527 567f a419 5560
0006310 a30e 543e a207 5318 a104 51ef a004 50c3
0006320 9f09 4f94 9e10 4e62 9d1c 4d2d 9c2c 4bf5
0006330 9b3f 4ab9 9a56 497c 9971 483b 9890 46f7
0006340 97b3 45b1 96da 4468 9606 431c 9535 41ce
0006350 9468 407d 93a0 3f2a 92db 3dd4 921b 3c7c
0006360 915f 3b22 90a8 39c5 8ff4 3866 8f45 3705
0006370 8e9b 35a2 8df4 343d 8d52 32d5 8cb5 316c
0006380 8c1c 3001 8b87 2e94 8af7 2d25 8a6c 2bb5
0006390 89e5 2a42 8962 28cf 88e4 2759 886b 25e2
00063a0 87f6 246a 8786 22f0 871b 2175 86b4 1ff8
00063b0 8652 1e7b 85f4 1cfc 859c 1b7c 8548 19fb
00063c0 84f8 1879 84ae 16f6 8468 1572 8427 13ed
00063d0 83eb 1268 83b4 10e2 8381 0f5b 8353 0dd4
00063e0 832a 0c4c 8306 0ac3 82e6 093a 82cc 07b1
00063f0 82b6 0628 82a5 049e 8299 0314 8292 018a
0006400 828f 0000 8292 fe76 8299 fcec 82a5 fb62
0006410 82b6 f9d8 82cc f84f 82e6 f6c6 8306 f53d
0006420 832a f3b4 8353 f22c 8381 f0a5 83b4 ef1e
0006430 83eb ed98 8427 ec13 8468 ea8e 84ae e90a
0006440 84f8 e787 8548 e605 859c e484 85f4 e304
0006450 8652 e185 86b4 e008 871b de8b 8786 dd10
0006460 87f6 db96 886b da1e 88e4 d8a7 8962 d731
0006470 89e5 d5be 8a6c d44b 8af7 d2db 8b87 d16c
0006480 8c1c cfff 8cb5 ce94 8d52 cd2b 8df4 cbc3
0006490 8e9b ca5e 8f45 c8fb 8ff4 c79a 90a8 c63b
00064a0 915f c4de 921b c384 92db c22c 93a0 c0d6
00064b0 9468 bf83 9535 be32 9606 bce4 96da bb98
00064c0 97b3 ba4f 9890 b909 9971 b7c5 9a56 b684
00064d0 9b3f b547 9c2c b40b 9d1c b2d3 9e10 b19e
00064e0 9f09 b06c a004 af3d a104 ae11 a207 ace8
00064f0 a30e abc2 a419 aaa0 a527 a981 a638 a865
0006500 a74d a74d a865 a638 a981 a527 aaa0 a419
0006510 abc2 a30e ace8 a207 ae11 a104 af3d a004
0006520 b06c 9f09 b19e 9e10 b2d3 9d1c b40b 9c2c
0006530 b547 9b3f b684 9a56 b7c5 9971 b909 9890
0006540 ba4f 97b3 bb98 96da bce4 9606 be32 9535
0006550 bf83 9468 c0d6 93a0 c22c 92db c384 921b
0006560 c4de 915f c63b 90a8 c79a 8ff4 c8fb 8f45
0006570 ca5e 8e9b cbc3 8df4 cd2b 8d52 ce94 8cb5
0006580 cfff 8c1c d16c 8b87 d2db 8af7 d44b 8a6c
0006590 d5be 89e5 d731 8962 d8a7 88e4 da1e 886b
00065a0 db96 87f6 dd10 8786 de8b 871b e008 86b4
00065b0 e185 8652 e304 85f4 e484 859c e605 8548
00065c0 e787 84f8 e90a 84ae ea8e 8468 ec13 8427
00065d0 ed98 83eb ef1e 83b4 f0a5 8381 f22c 8353
00065e0 f3b4 832a f53d 8306 f6c6 82e6 f84f 82cc
00065f0 f9d8 82b6 fb62 82a5 fcec 8299 fe76 8292
0006600 0000 828f 018a 8292 0314 8299 049e 82a5
0006610 0628 82b6 07b1 82cc 093a 82e6 0ac3 8306
0006620 0c4c 832a 0dd4 8353 0f5b 8381 10e2 83b4
0006630 1268 83eb 13ed 8427 1572 8468 16f6 84ae
0006640 1879 84f8 19fb 8548 1b7c 859c 1cfc 85f4
0006650 1e7b 8652 1ff8 86b4 2175 871b 22f0 8786
0006660 246a 87f6 25e2 886b 2759 88e4 28cf 8962
0006670 2a42 89e5 2bb5 8a6c 2d25 8af7 2e94 8b87
0006680 3001 8c1c 316c 8cb5 32d5 8d52 343d 8df4
0006690 35a2 8e9b 3705 8f45 3866 8ff4 39c5 90a8
00066a0 3b22 915f 3c7c 921b 3dd4 92db 3f2a 93a0
00066b0 407d 9468 41ce 9535 431c 9606 4468 96da
00066c0 45b1 97b3 46f7 9890 483b 9971 497c 9a56
00066d0 4ab9 9b3f 4bf5 9c2c 4d2d 9d1c 4e62 9e10
00066e0 4f94 9f09 50c3 a004 51ef a104 5318 a207
00066f0 543e a30e 5560 a419 567f a527 579b a638
0006700 58b3 a74d 59c8 a865 5ad9 a981 5be7 aaa0
0006710 5cf2 abc2 5df9 ace8 5efc ae11 5ffc af3d
0006720 60f7 b06c 61f0 b19e 62e4 b2d3 63d4 b40b
0006730 64c1 b547 65aa b684 668f b7c5 6770 b909
0006740 684d ba4f 6926 bb98 69fa bce4 6acb be32
0006750 6b98 bf83 6c60 c0d6 6d25 c22c 6de5 c384
0006760 6ea1 c4de 6f58 c63b 700c c79a 70bb c8fb
0006770 7165 ca5e 720c cbc3 72ae cd2b 734b ce94
0006780 73e4 cfff 7479 d16c 7509 d2db 7594 d44b
0006790 761b d5be 769e d731 771c d8a7 7795 da1e
00067a0 780a db96 787a dd10 78e5 de8b 794c e008
00067b0 79ae e185 7a0c e304 7a64 e484 7ab8 e605
00067c0 7b08 e787 7b52 e90a 7b98 ea8e 7bd9 ec13
00067d0 7c15 ed98 7c4c ef1e 7c7f f0a5 7cad f22c
00067e0 7cd6 f3b4 7cfa f53d 7d1a f6c6 7d34 f84f
00067f0 7d4a f9d8 7d5b fb62 7d67 fcec 7d6e fe76
0006800 7d71 0000 7d6e 018a 7d67 0314 7d5b 049e
0006810 7d4a 0628 7d34 07b1 7d1a 093a 7cfa 0ac3
0006820 7cd6 0c4c 7cad 0dd4 7c7f 0f5b 7c4c 10e2
0006830 7c15 1268 7bd9 13ed 7b98 1572 7b52 16f6
0006840 7b08 1879 7ab8 19fb 7a64 1b7c 7a0c 1cfc
0006850 79ae 1e7b 794c 1ff8 78e5 2175 787a 22f0
0006860 780a 246a 7795 25e2 771c 2759 769e 28cf
0006870 761b 2a42 7594 2bb5 7509 2d25 7479 2e94
0006880 73e4 3001 734b 316c 72ae 32d5 720c 343d
0006890 7165 35a2 70bb 3705 700c 3866 6f58 39c5
00068a0 6ea1 3b22 6de5 3c7c 6d25 3dd4 6c60 3f2a
00068b0 6b98 407d 6acb 41ce 69fa 431c 6926 4468
00068c0 684d 45b1 6770 46f7 668f 483b 65aa 497c
00068d0 64c1 4ab9 63d4 4bf5 62e4 4d2d 61f0 4e62
00068e0 60f7 4f94 5ffc 50c3 5efc 51ef 5df9 5318
00068f0 5cf2 543e 5be7 5560 5ad9 567f 59c8 579b
0006900 58b3 58b3 579b 59c8 567f 5ad9 5560 5be7
0006910 543e 5cf2 5318 5df9 51ef 5efc 50c3 5ffc
0006920 4f94 60f7 4e62 61f0 4d2d 62e4 4bf5 63d4
0006930 4ab9 64c1 497c 65aa 483b 668f 46f7 6770
0006940 45b1 684d 4468 6926 431c 69fa 41ce 6acb
0006950 407d 6b98 3f2a 6c60 3dd4 6d25 3c7c 6de5
0006960 3b22 6ea1 39c5 6f58 3866 700c 3705 70bb
0006970 35a2 7165 343d 720c 32d5 72ae 316c 734b
0006980 3001 73e4 2e94 7479 2d25 7509 2bb5 7594
0006990 2a42 761b 28cf 769e 2759 771c 25e2 7795
00069a0 246a 780a 22f0 787a 2175 78e5 1ff8 794c
00069b0 1e7b 79ae 1cfc 7a0c 1b7c 7a64 19fb 7ab8
00069c0 1879 7b08 16f6 7b52 1572 7b98 13ed 7bd9
00069d0 1268 7c15 10e2 7c4c 0f5b 7c7f 0dd4 7cad
00069e0 0c4c 7cd6 0ac3 7cfa 093a 7d1a 07b1 7d34
00069f0 0628 7d4a 049e 7d5b 0314 7d67 018a 7d6e
0006a00 0000 7d71 fe76 7d6e fcec 7d67 fb62 7d5b
0006a10 f9d8 7d4a f84f 7d34 f6c6 7d1a f53d 7cfa
0006a20 f3b4 7cd6 f22c 7cad f0a5 7c7f ef1e 7c4c
0006a30 ed98 7c15 ec13 7bd9 ea8e 7b98 e90a 7b52
0006a40 e787 7b08 e605 7ab8 e484 7a64 e304 7a0c
0006a50 e185 79ae e008 794c de8b 78e5 dd10 787a
0006a60 db96 780a da1e 7795 d8a7 771c d731 769e
0006a70 d5be 761b d44b 7594 d2db 7509 d16c 7479
0006a80 cfff 73e4 ce94 734b cd2b 72ae cbc3 720c
0006a90 ca5e 7165 c8fb 70bb c79a 700c c63b 6f58
0006aa0 c4de 6ea1 c384 6de5 c22c 6d25 c0d6 6c60
0006ab0 bf83 6b98 be32 6acb bce4 69fa bb98 6926
0006ac0 ba4f 684d b909 6770 b7c5 668f b684 65aa
0006ad0 b547 64c1 b40b 63d4 b2d3 62e4 b19e 61f0
0006ae0 b06c 60f7 af3d 5ffc ae11 5efc ace8 5df9
0006af0 abc2 5cf2 aaa0 5be7 a981 5ad9 a865 59c8
0006b00 a74d 58b3 a638 579b a527 567f a419 5560
0006b10 a30e 543e a207 5318 a104 51ef a004 50c3
0006b20 9f09 4f94 9e10 4e62 9d1c 4d2d 9c2c 4bf5
0006b30 9b3f 4ab9 9a56 497c 9971 483b 9890 46f7
0006b40 97b3 45b1 96da 4468 9606 431c 9535 41ce
0006b50 9468 407d 93a0 3f2a 92db 3dd4 921b 3c7c
0006b60 915f 3b22 90a8 39c5 8ff4 3866 8f45 3705
0006b70 8e9b 35a2 8df4 343d 8d52 32d5 8cb5 316c
0006b80 8c1c 3001 8b87 2e94 8af7 2d25 8a6c 2bb5
0006b90 89e5 2a42 8962 28cf 88e4 2759 886b 25e2
0006ba0 87f6 246a 8786 22f0 871b 2175 86b4 1ff8
0006bb0 8652 1e7b 85f4 1cfc 859c 1b7c 8548 19fb
0006bc0 84f8 1879 84ae 16f6 8468 1572 8427 13ed
0006bd0 83eb 1268 83b4 10e2 8381 0f5b 8353 0dd4
0006be0 832a 0c4c 8306 0ac3 82e6 093a 82cc 07b1
0006bf0 82b6 0628 82a5 049e 8299 0314 8292 018a
0006c00 828f 0000 8292 fe76 8299 fcec 82a5 fb62
0006c10 82b6 f9d8 82cc f84f 82e6 f6c6 8306 f53d
0006c20 832a f3b4 8353 f22c 8381 f0a5 83b4 ef1e
0006c30 83eb ed98 8427 ec13 8468 ea8e 84ae e90a
0006c40 84f8 e787 8548 e605 859c e484 85f4 e304
0006c50 8652 e185 86b4 e008 871b de8b 8786 dd10
0006c60 87f6 db96 886b da1e 88e4 d8a7 8962 d731
0006c70 89e5 d5be 8a6c d44b 8af7 d2db 8b87 d16c
0006c80 8c1c cfff 8cb5 ce94 8d52 cd2b 8df4 cbc3
0006c90 8e9b ca5e 8f45 c8fb 8ff4 c79a 90a8 c63b
0006ca0 915f c4de 921b c384 92db c22c 93a0 c0d6
0006cb0 9468 bf83 9535 be32 9606 bce4 96da bb98
0006cc0 97b3 ba4f 9890 b909 9971 b7c5 9a56 b684
0006cd0 9b3f b547 9c2c b40b 9d1c b2d3 9e10 b19e
0006ce0 9f09 b06c a004 af3d a104 ae11 a207 ace8
0006cf0 a30e abc2 a419 aaa0 a527 a981 a638 a865
0006d00 a74d a74d a865 a638 a981 a527 aaa0 a419
0006d10 abc2 a30e ace8 a207 ae11 a104 af3d a004
0006d20 b06c 9f09 b19e 9e10 b2d3 9d1c b40b 9c2c
0006d30 b547 9b3f b684 9a56 b7c5 9971 b909 9890
0006d40 ba4f 97b3 bb98 96da bce4 9606 be32 9535
0006d50 bf83 9468 c0d6 93a0 c22c 92db c384 921b
0006d60 c4de 915f c63b 90a8 c79a 8ff4 c8fb 8f45
0006d70 ca5e 8e9b cbc3 8df4 cd2b 8d52 ce94 8cb5
0006d80 cfff 8c1c d16c 8b87 d2db 8af7 d44b 8a6c
0006d90 d5be 89e5 d731 8962 d8a7 88e4 da1e 886b
0006da0 db96 87f6 dd10 8786 de8b 871b e008 86b4
0006db0 e185 8652 e304 85f4 e484 859c e605 8548
0006dc0 e787 84f8 e90a 84ae ea8e 8468 ec13 8427
0006dd0 ed98 83eb ef1e 83b4 f0a5 8381 f22c 8353
0006de0 f3b4 832a f53d 8306 f6c6 82e6 f84f 82cc
0006df0 f9d8 82b6 fb62 82a5 fcec 8299 fe76 8292
0006e00 0000 828f 018a 8292 0314 8299 049e 82a5
0006e10 0628 82b6 07b1 82cc 093a 82e6 0ac3 8306
0006e20 0c4c 832a 0dd4 8353 0f5b 8381 10e2 83b4
0006e30 1268 83eb 13ed 8427 1572 8468 16f6 84ae
0006e40 1879 84f8 19fb 8548 1b7c 859c 1cfc 85f4
0006e50 1e7b 8652 1ff8 86b4 2175 871b 22f0 8786
0006e60 246a 87f6 25e2 886b 2759 88e4 28cf 8962
0006e70 2a42 89e5 2bb5 8a6c 2d25 8af7 2e94 8b87
0006e80 3001 8c1c 316c 8cb5 32d5 8d52 343d 8df4
0006e90 35a2 8e9b 3705 8f45 3866 8ff4 39c5 90a8
0006ea0 3b22 915f 3c7c 921b 3dd4 92db 3f2a 93a0
0006eb0 407d 9468 41ce 9535 431c 9606 4468 96da
0006ec0 45b1 97b3 46f7 9890 483b 9971 497c 9a56
0006ed0 4ab9 9b3f 4bf5 9c2c 4d2d 9d1c 4e62 9e10
0006ee0 4f94 9f09 50c3 a004 51ef a104 5318 a207
0006ef0 543e a30e 5560 a419 567f a527 579b a638
0006f00 58b3 a74d 59c8 a865 5ad9 a981 5be7 aaa0
0006f10 5cf2 abc2 5df9 ace8 5efc ae11 5ffc af3d
0006f20 60f7 b06c 61f0 b19e 62e4 b2d3 63d4 b40b
0006f30 64c1 b547 65aa b684 668f b7c5 6770 b909
0006f40 684d ba4f 6926 bb98 69fa bce4 6acb be32
0006f50 6b98 bf83 6c60 c0d6 6d25 c22c 6de5 c384
0006f60 6ea1 c4de 6f58 c63b 700c c79a 70bb c8fb
0006f70 7165 ca5e 720c cbc3 72ae cd2b 734b ce94
0006f80 73e4 cfff 7479 d16c 7509 d2db 7594 d44b
0006f90 761b d5be 769e d731 771c d8a7 7795 da1e
0006fa0 780a db96 787a dd10 78e5 de8b 794c e008
0006fb0 79ae e185 7a0c e304 7a64 e484 7ab8 e605
0006fc0 7b08 e787 7b52 e90a 7b98 ea8e 7bd9 ec13
0006fd0 7c15 ed98 7c4c ef1e 7c7f f0a5 7cad f22c
0006fe0 7cd6 f3b4 7cfa f53d 7d1a f6c6 7d34 f84f
0006ff0 7d4a f9d8 7d5b fb62 7d67 fcec 7d6e fe76
0007000 7d71 0000 7d6e 018a 7d67 0314 7d5b 049e
0007010 7d4a 0628 7d34 07b1 7d1a 093a 7cfa 0ac3
0007020 7cd6 0c4c 7cad 0dd4 7c7f 0f5b 7c4c 10e2
0007030 7c15 1268 7bd9 13ed 7b98 1572 7b52 16f6
0007040 7b08 1879 7ab8 19fb 7a64 1b7c 7a0c 1cfc
0007050 79ae 1e7b 794c 1ff8 78e5 2175 787a 22f0
0007060 780a 246a 7795 25e2 771c 2759 769e 28cf
0007070 761b 2a42 7594 2bb5 7509 2d25 7479 2e94
0007080 73e4 3001 734b 316c 72ae 32d5 720c 343d
0007090 7165 35a2 70bb 3705 700c 3866 6f58 39c5
00070a0 6ea1 3b22 6de5 3c7c 6d25 3dd4 6c60 3f2a
00070b0 6b98 407d 6acb 41ce 69fa 431c 6926 4468
00070c0 684d 45b1 6770 46f7 668f 483b 65aa 497c
00070d0 64c1 4ab9 63d4 4bf5 62e4 4d2d 61f0 4e62
00070e0 60f7 4f94 5ffc 50c3 5efc 51ef 5df9 5318
00070f0 5cf2 543e 5be7 5560 5ad9 567f 59c8 579b
0007100 58b3 58b3 579b 59c8 567f 5ad9 5560 5be7
0007110 543e 5cf2 5318 5df9 51ef 5efc 50c3 5ffc
0007120 4f94 60f7 4e62 61f0 4d2d 62e4 4bf5 63d4
0007130 4ab9 64c1 497c 65aa 483b 668f 46f7 6770
0007140 45b1 684d 4468 6926 431c 69fa 41ce 6acb
0007150 407d 6b98 3f2a 6c60 3dd4 6d25 3c7c 6de5
0007160 3b22 6ea1 39c5 6f58 3866 700c 3705 70bb
0007170 35a2 7165 343d 720c 32d5 72ae 316c 734b
0007180 3001 73e4 2e94 7479 2d25 7509 2bb5 7594
0007190 2a42 761b 28cf 769e 2759 771c 25e2 7795
00071a0 246a 780a 22f0 787a 2175 78e5 1ff8 794c
00071b0 1e7b 79ae 1cfc 7a0c 1b7c 7a64 19fb 7ab8
00071c0 1879 7b08 16f6 7b52 1572 7b98 13ed 7bd9
00071d0 1268 7c15 10e2 7c4c 0f5b 7c7f 0dd4 7cad
00071e0 0c4c 7cd6 0ac3 7cfa 093a 7d1a 07b1 7d34
00071f0 0628 7d4a 049e 7d5b 0314 7d67 018a 7d6e
0007200 0000 7d71 fe76 7d6e fcec 7d67 fb62 7d5b
0007210 f9d8 7d4a f84f 7d34 f6c6 7d1a f53d 7cfa
0007220 f3b4 7cd6 f22c 7cad f0a5 7c7f ef1e 7c4c
0007230 ed98 7c15 ec13 7bd9 ea8e 7b98 e90a 7b52
0007240 e787 7b08 e605 7ab8 e484 7a64 e304 7a0c
0007250 e185 79ae e008 794c de8b 78e5 dd10 787a
0007260 db96 780a da1e 7795 d8a7 771c d731 769e
0007270 d5be 761b d44b 7594 d2db 7509 d16c 7479
0007280 cfff 73e4 ce94 734b cd2b 72ae cbc3 720c
0007290 ca5e 7165 c8fb 70bb c79a 700c c63b 6f58
00072a0 c4de 6ea1 c384 6de5 c22c 6d25 c0d6 6c60
00072b0 bf83 6b98 be32 6acb bce4 69fa bb98 6926
00072c0 ba4f 684d b909 6770 b7c5 668f b684 65aa
00072d0 b547 64c1 b40b 63d4 b2d3 62e4 b19e 61f0
00072e0 b06c 60f7 af3d 5ffc ae11 5efc ace8 5df9
00072f0 abc2 5cf2 aaa0 5be7 a981 5ad9 a865 59c8
0007300 a74d 58b3 a638 579b a527 567f a419 5560
0007310 a30e 543e a207 5318 a104 51ef a004 50c3
0007320 9f09 4f94 9e10 4e62 9d1c 4d2d 9c2c 4bf5
0007330 9b3f 4ab9 9a56 497c 9971 483b 9890 46f7
0007340 97b3 45b1 96da 4468 9606 431c 9535 41ce
0007350 9468 407d 93a0 3f2a 92db 3dd4 921b 3c7c
0007360 915f 3b22 90a8 39c5 8ff4 3866 8f45 3705
0007370 8e9b 35a2 8df4 343d 8d52 32d5 8cb5 316c
0007380 8c1c 3001 8b87 2e94 8af7 2d25 8a6c 2bb5
0007390 89e5 2a42 8962 28cf 88e4 2759 886b 25e2
00073a0 87f6 246a 8786 22f0 871b 2175 86b4 1ff8
00073b0 8652 1e7b 85f4 1cfc 859c 1b7c 8548 19fb
00073c0 84f8 1879 84ae 16f6 8468 1572 8427 13ed
00073d0 83eb 1268 83b4 10e2 8381 0f5b 8353 0dd4
00073e0 832a 0c4c 8306 0ac3 82e6 093a 82cc 07b1
00073f0 82b6 0628 82a5 049e 8299 0314 8292 018a
0007400 828f 0000 8292 fe76 8299 fcec 82a5 fb62
0007410 82b6 f9d8 82cc f84f 82e6 f6c6 8306 f53d
0007420 832a f3b4 8353 f22c 8381 f0a5 83b4 ef1e
0007430 83eb ed98 8427 ec13 8468 ea8e 84ae e90a
0007440 84f8 e787 8548 e605 859c e484 85f4 e304
0007450 8652 e185 86b4 e008 871b de8b 8786 dd10
0007460 87f6 db96 886b da1e 88e4 d8a7 8962 d731
0007470 89e5 d5be 8a6c d44b 8af7 d2db 8b87 d16c
0007480 8c1c cfff 8cb5 ce94 8d52 cd2b 8df4 cbc3
0007490 8e9b ca5e 8f45 c8fb 8ff4 c79a 90a8 c63b
00074a0 915f c4de 921b c384 92db c22c 93a0 c0d6
00074b0 9468 bf83 9535 be32 9606 bce4 96da bb98
00074c0 97b3 ba4f 9890 b909 9971 b7c5 9a56 b684
00074d0 9b3f b547 9c2c b40b 9d1c b2d3 9e10 b19e
00074e0 9f09 b06c a004 af3d a104 ae11 a207 ace8
00074f0 a30e abc2 a419 aaa0 a527 a981 a638 a865
0007500 a74d a74d a865 a638 a981 a527 aaa0 a419
0007510 abc2 a30e ace8 a207 ae11 a104 af3d a004
0007520 b06c 9f09 b19e 9e10 b2d3 9d1c b40b 9c2c
0007530 b547 9b3f b684 9a56 b7c5 9971 b909 9890
0007540 ba4f 97b3 bb98 96da bce4 9606 be32 9535
0007550 bf83 9468 c0d6 93a0 c22c 92db c384 921b
0007560 c4de 915f c63b 90a8 c79a 8ff4 c8fb 8f45
0007570 ca5e 8e9b cbc3 8df4 cd2b 8d52 ce94 8cb5
0007580 cfff 8c1c d16c 8b87 d2db 8af7 d44b 8a6c
0007590 d5be 89e5 d731 8962 d8a7 88e4 da1e 886b
00075a0 db96 87f6 dd10 8786 de8b 871b e008 86b4
00075b0 e185 8652 e304 85f4 e484 859c e605 8548
00075c0 e787 84f8 e90a 84ae ea8e 8468 ec13 8427
00075d0 ed98 83eb ef1e 83b4 f0a5 8381 f22c 8353
00075e0 f3b4 832a f53d 8306 f6c6 82e6 f84f 82cc
00075f0 f9d8 82b6 fb62 82a5 fcec 8299 fe76 8292
0007600 0000 828f 018a 8292 0314 8299 049e 82a5
0007610 0628 82b6 07b1 82cc 093a 82e6 0ac3 8306
0007620 0c4c 832a 0dd4 8353 0f5b 8381 10e2 83b4
0007630 1268 83eb 13ed 8427 1572 8468 16f6 84ae
0007640 1879 84f8 19fb 8548 1b7c 859c 1cfc 85f4
0007650 1e7b 8652 1ff8 86b4 2175 871b 22f0 8786
0007660 246a 87f6 25e2 886b 2759 88e4 28cf 8962
0007670 2a42 89e5 2bb5 8a6c 2d25 8af7 2e94 8b87
0007680 3001 8c1c 316c 8cb5 32d5 8d52 343d 8df4
0007690 35a2 8e9b 3705 8f45 3866 8ff4 39c5 90a8
00076a0 3b22 915f 3c7c 921b 3dd4 92db 3f2a 93a0
00076b0 407d 9468 41ce 9535 431c 9606 4468 96da
00076c0 45b1 97b3 46f7 9890 483b 9971 497c 9a56
00076d0 4ab9 9b3f 4bf5 9c2c 4d2d 9d1c 4e62 9e10
00076e0 4f94 9f09 50c3 a004 51ef a104 5318 a207
00076f0 543e a30e 5560 a419 567f a527 579b a638
0007700 58b3 a74d 59c8 a865 5ad9 a981 5be7 aaa0
0007710 5cf2 abc2 5df9 ace8 5efc ae11 5ffc af3d
0007720 60f7 b06c 61f0 b19e 62e4 b2d3 63d4 b40b
0007730 64c1 b547 65aa b684 668f b7c5 6770 b909
0007740 684d ba4f 6926 bb98 69fa bce4 6acb be32
0007750 6b98 bf83 6c60 c0d6 6d25 c22c 6de5 c384
0007760 6ea1 c4de 6f58 c63b 700c c79a 70bb c8fb
0007770 7165 ca5e 720c cbc3 72ae cd2b 734b ce94
0007780 73e4 cfff 7479 d16c 7509 d2db 7594 d44b
0007790 761b d5be 769e d731 771c d8a7 7795 da1e
00077a0 780a db96 787a dd10 78e5 de8b 794c e008
00077b0 79ae e185 7a0c e304 7a64 e484 7ab8 e605
00077c0 7b08 e787 7b52 e90a 7b98 ea8e 7bd9 ec13
00077d0 7c15 ed98 7c4c ef1e 7c7f f0a5 7cad f22c
00077e0 7cd6 f3b4 7cfa f53d 7d1a f6c6 7d34 f84f
00077f0 7d4a f9d8 7d5b fb62 7d67 fcec 7d6e fe76
0007800 7d71 0000 7d6e 018a 7d67 0314 7d5b 049e
0007810 7d4a 0628 7d34 07b1 7d1a 093a 7cfa 0ac3
0007820 7cd6 0c4c 7cad 0dd4 7c7f 0f5b 7c4c 10e2
0007830 7c15 1268 7bd9 13ed 7b98 1572 7b52 16f6
0007840 7b08 1879 7ab8 19fb 7a64 1b7c 7a0c 1cfc
0007850 79ae 1e7b 794c 1ff8 78e5 2175 787a 22f0
0007860 780a 246a 7795 25e2 771c 2759 769e 28cf
0007870 761b 2a42 7594 2bb5 7509 2d25 7479 2e94
0007880 73e4 3001 734b 316c 72ae 32d5 720c 343d
0007890 7165 35a2 70bb 3705 700c 3866 6f58 39c5
00078a0 6ea1 3b22 6de5 3c7c 6d25 3dd4 6c60 3f2a
00078b0 6b98 407d 6acb 41ce 69fa 431c 6926 4468
00078c0 684d 45b1 6770 46f7 668f 483b 65aa 497c
00078d0 64c1 4ab9 63d4 4bf5 62e4 4d2d 61f0 4e62
00078e0 60f7 4f94 5ffc 50c3 5efc 51ef 5df9 5318
00078f0 5cf2 543e 5be7 5560 5ad9 567f 59c8 579b
0007900 58b3 58b3 579b 59c8 567f 5ad9 5560 5be7
0007910 543e 5cf2 5318 5df9 51ef 5efc 50c3 5ffc
0007920 4f94 60f7 4e62 61f0 4d2d 62e4 4bf5 63d4
0007930 4ab9 64c1 497c 65aa 483b 668f 46f7 6770
0007940 45b1 684d 4468 6926 431c 69fa 41ce 6acb
0007950 407d 6b98 3f2a 6c60 3dd4 6d25 3c7c 6de5
0007960 3b22 6ea1 39c5 6f58 3866 700c 3705 70bb
0007970 35a2 7165 343d 720c 32d5 72ae 316c 734b
0007980 3001 73e4 2e94 7479 2d25 7509 2bb5 7594
0007990 2a42 761b 28cf 769e 2759 771c 25e2 7795
00079a0 246a 780a 22f0 787a 2175 78e5 1ff8 794c
00079b0 1e7b 79ae 1cfc 7a0c 1b7c 7a64 19fb 7ab8
00079c0 1879 7b08 16f6 7b52 1572 7b98 13ed 7bd9
00079d0 1268 7c15 10e2 7c4c 0f5b 7c7f 0dd4 7cad
00079e0 0c4c 7cd6 0ac3 7cfa 093a 7d1a 07b1 7d34
00079f0 0628 7d4a 049e 7d5b 0314 7d67 018a 7d6e
0007a00 0000 7d71 fe76 7d6e fcec 7d67 fb62 7d5b
0007a10 f9d8 7d4a f84f 7d34 f6c6 7d1a f53d 7cfa
0007a20 f3b4 7cd6 f22c 7cad f0a5 7c7f ef1e 7c4c
0007a30 ed98 7c15 ec13 7bd9 ea8e 7b98 e90a 7b52
0007a40 e787 7b08 e605 7ab8 e484 7a64 e304 7a0c
0007a50 e185 79ae e008 794c de8b 78e5 dd10 787a
0007a60 db96 780a da1e 7795 d8a7 771c d731 769e
0007a70 d5be 761b d44b 7594 d2db 7509 d16c 7479
0007a80 cfff 73e4 ce94 734b cd2b 72ae cbc3 720c
0007a90 ca5e 7165 c8fb 70bb c79a 700c c63b 6f58
0007aa0 c4de 6ea1 c384 6de5 c22c 6d25 c0d6 6c60
0007ab0 bf83 6b98 be32 6acb bce4 69fa bb98 6926
0007ac0 ba4f 684d b909 6770 b7c5 668f b684 65aa
0007ad0 b547 64c1 b40b 63d4 b2d3 62e4 b19e 61f0
0007ae0 b06c 60f7 af3d 5ffc ae11 5efc ace8 5df9
0007af0 abc2 5cf2 aaa0 5be7 a981 5ad9 a865 59c8
0007b00 a74d 58b3 a638 579b a527 567f a419 5560
0007b10 a30e 543e a207 5318 a104 51ef a004 50c3
0007b20 9f09 4f94 9e10 4e62 9d1c 4d2d 9c2c 4bf5
0007b30 9b3f 4ab9 9a56 497c 9971 483b 9890 46f7
0007b40 97b3 45b1 96da 4468 9606 431c 9535 41ce
0007b50 9468 407d 93a0 3f2a 92db 3dd4 921b 3c7c
0007b60 915f 3b22 90a8 39c5 8ff4 3866 8f45 3705
0007b70 8e9b 35a2 8df4 343d 8d52 32d5 8cb5 316c
0007b80 8c1c 3001 8b87 2e94 8af7 2d25 8a6c 2bb5
0007b90 89e5 2a42 8962 28cf 88e4 2759 886b 25e2
0007ba0 87f6 246a 8786 22f0 871b 2175 86b4 1ff8
0007bb0 8652 1e7b 85f4 1cfc 859c 1b7c 8548 19fb
0007bc0 84f8 1879 84ae 16f6 8468 1572 8427 13ed
0007bd0 83eb 1268 83b4 10e2 8381 0f5b 8353 0dd4
0007be0 832a 0c4c 8306 0ac3 82e6 093a 82cc 07b1
0007bf0 82b6 0628 82a5 049e 8299 0314 8292 018a
0007c00 828f 0000 8292 fe76 8299 fcec 82a5 fb62
0007c10 82b6 f9d8 82cc f84f 82e6 f6c6 8306 f53d
0007c20 832a f3b4 8353 f22c 8381 f0a5 83b4 ef1e
0007c30 83eb ed98 8427 ec13 8468 ea8e 84ae e90a
0007c40 84f8 e787 8548 e605 859c e484 85f4 e304
0007c50 8652 e185 86b4 e008 871b de8b 8786 dd10
0007c60 87f6 db96 886b da1e 88e4 d8a7 8962 d731
0007c70 89e5 d5be 8a6c d44b 8af7 d2db 8b87 d16c
0007c80 8c1c cfff 8cb5 ce94 8d52 cd2b 8df4 cbc3
0007c90 8e9b ca5e 8f45 c8fb 8ff4 c79a 90a8 c63b
0007ca0 915f c4de 921b c384 92db c22c 93a0 c0d6
0007cb0 9468 bf83 9535 be32 9606 bce4 96da bb98
0007cc0 97b3 ba4f 9890 b909 9971 b7c5 9a56 b684
0007cd0 9b3f b547 9c2c b40b 9d1c b2d3 9e10 b19e
0007ce0 9f09 b06c a004 af3d a104 ae11 a207 ace8
0007cf0 a30e abc2 a419 aaa0 a527 a981 a638 a865
0007d00 a74d a74d a865 a638 a981 a527 aaa0 a419
0007d10 abc2 a30e ace8 a207 ae11 a104 af3d a004
0007d20 b06c 9f09 b19e 9e10 b2d3 9d1c b40b 9c2c
0007d30 b547 9b3f b684 9a56 b7c5 9971 b909 9890
0007d40 ba4f 97b3 bb98 96da bce4 9606 be32 9535
0007d50 bf83 9468 c0d6 93a0 c22c 92db c384 921b
0007d60 c4de 915f c63b 90a8 c79a 8ff4 c8fb 8f45
0007d70 ca5e 8e9b cbc3 8df4 cd2b 8d52 ce94 8cb5
0007d80 cfff 8c1c d16c 8b87 d2db 8af7 d44b 8a6c
0007d90 d5be 89e5 d731 8962 d8a7 88e4 da1e 886b
0007da0 db96 87f6 dd10 8786 de8b 871b e008 86b4
0007db0 e185 8652 e304 85f4 e484 859c e605 8548
0007dc0 e787 84f8 e90a 84ae ea8e 8468 ec13 8427
0007dd0 ed98 83eb ef1e 83b4 f0a5 8381 f22c 8353
0007de0 f3b4 832a f53d 8306 f6c6 82e6 f84f 82cc
0007df0 f9d8 82b6 fb62 82a5 fcec 8299 fe76 8292
0007e00 0000 828f 018a 8292 0314 8299 049e 82a5
0007e10 0628 82b6 07b1 82cc 093a 82e6 0ac3 8306
0007e20 0c4c 832a 0dd4 8353 0f5b 8381 10e2 83b4
0007e30 1268 83eb 13ed 8427 1572 8468 16f6 84ae
0007e40 1879 84f8 19fb 8548 1b7c 859c 1cfc 85f4
0007e50 1e7b 8652 1ff8 86b4 2175 871b 22f0 8786
0007e60 246a 87f6 25e2 886b 2759 88e4 28cf 8962
0007e70 2a42 89e5 2bb5 8a6c 2d25 8af7 2e94 8b87
0007e80 3001 8c1c 316c 8cb5 32d5 8d52 343d 8df4
0007e90 35a2 8e9b 3705 8f45 3866 8ff4 39c5 90a8
0007ea0 3b22 915f 3c7c 921b 3dd4 92db 3f2a 93a0
0007eb0 407d 9468 41ce 9535 431c 9606 4468 96da
0007ec0 45b1 97b3 46f7 9890 483b 9971 497c 9a56
0007ed0 4ab9 9b3f 4bf5 9c2c 4d2d 9d1c 4e62 9e10
0007ee0 4f94 9f09 50c3 a004 51ef a104 5318 a207
0007ef0 543e a30e 5560 a419 567f a527 579b a638
0007f00 58b3 a74d 59c8 a865 5ad9 a981 5be7 aaa0
0007f10 5cf2 abc2 5df9 ace8 5efc ae11 5ffc af3d
0007f20 60f7 b06c 61f0 b19e 62e4 b2d3 63d4 b40b
0007f30 64c1 b547 65aa b684 668f b7c5 6770 b909
0007f40 684d ba4f 6926 bb98 69fa bce4 6acb be32
0007f50 6b98 bf83 6c60 c0d6 6d25 c22c 6de5 c384
0007f60 6ea1 c4de 6f58 c63b 700c c79a 70bb c8fb
0007f70 7165 ca5e 720c cbc3 72ae cd2b 734b ce94
0007f80 73e4 cfff 7479 d16c 7509 d2db 7594 d44b
0007f90 761b d5be 769e d731 771c d8a7 7795 da1e
0007fa0 780a db96 787a dd10 78e5 de8b 794c e008
0007fb0 79ae e185 7a0c e304 7a64 e484 7ab8 e605
0007fc0 7b08 e787 7b52 e90a 7b98 ea8e 7bd9 ec13
0007fd0 7c15 ed98 7c4c ef1e 7c7f f0a5 7cad f22c
0007fe0 7cd6 f3b4 7cfa f53d 7d1a f6c6 7d34 f84f
0007ff0 7d4a f9d8 7d5b fb62 7d67 fcec 7d6e fe76
0008000 7d71 0000 7d6e 018a 7d67 0314 7d5b 049e
0008010 7d4a 0628 7d34 07b1 7d1a 093a 7cfa 0ac3
0008020 7cd6 0c4c 7cad 0dd4 7c7f 0f5b 7c4c 10e2
0008030 7c15 1268 7bd9 13ed 7b98 1572 7b52 16f6
0008040 7b08 1879 7ab8 19fb 7a64 1b7c 7a0c 1cfc
0008050 79ae 1e7b 794c 1ff8 78e5 2175 787a 22f0
0008060 780a 246a 7795 25e2 771c 2759 769e 28cf
0008070 761b 2a42 7594 2bb5 7509 2d25 7479 2e94
0008080 73e4 3001 734b 316c 72ae 32d5 720c 343d
0008090 7165 35a2 70bb 3705 700c 3866 6f58 39c5
00080a0 6ea1 3b22 6de5 3c7c 6d25 3dd4 6c60 3f2a
00080b0 6b98 407d 6acb 41ce 69fa 431c 6926 4468
00080c0 684d 45b1 6770 46f7 668f 483b 65aa 497c
00080d0 64c1 4ab9 63d4 4bf5 62e4 4d2d 61f0 4e62
00080e0 60f7 4f94 5ffc 50c3 5efc 51ef 5df9 5318
00080f0 5cf2 543e 5be7 5560 5ad9 567f 59c8 579b
0008100 58b3 58b3 579b 59c8 567f 5ad9 5560 5be7
0008110 543e 5cf2 5318 5df9 51ef 5efc 50c3 5ffc
0008120 4f94 60f7 4e62 61f0 4d2d 62e4 4bf5 63d4
0008130 4ab9 64c1 497c 65aa 483b 668f 46f7 6770
0008140 45b1 684d 4468 6926 431c 69fa 41ce 6acb
0008150 407d 6b98 3f2a 6c60 3dd4 6d25 3c7c 6de5
0008160 3b22 6ea1 39c5 6f58 3866 700c 3705 70bb
0008170 35a2 7165 343d 720c 32d5 72ae 316c 734b
0008180 3001 73e4 2e94 7479 2d25 7509 2bb5 7594
0008190 2a42 761b 28cf 769e 2759 771c 25e2 7795
00081a0 246a 780a 22f0 787a 2175 78e5 1ff8 794c
00081b0 1e7b 79ae 1cfc 7a0c 1b7c 7a64 19fb 7ab8
00081c0 1879 7b08 16f6 7b52 1572 7b98 13ed 7bd9
00081d0 1268 7c15 10e2 7c4c 0f5b 7c7f 0dd4 7cad
00081e0 0c4c 7cd6 0ac3 7cfa 093a 7d1a 07b1 7d34
00081f0 0628 7d4a 049e 7d5b 0314 7d67 018a 7d6e
0008200 0000 7d71 fe76 7d6e fcec 7d67 fb62 7d5b
0008210 f9d8 7d4a f84f 7d34 f6c6 7d1a f53d 7cfa
0008220 f3b4 7cd6 f22c 7cad f0a5 7c7f ef1e 7c4c
0008230 ed98 7c15 ec13 7bd9 ea8e 7b98 e90a 7b52
0008240 e787 7b08 e605 7ab8 e484 7a64 e304 7a0c
0008250 e185 79ae e008 794c de8b 78e5 dd10 787a
0008260 db96 780a da1e 7795 d8a7 771c d731 769e
0008270 d5be 761b d44b 7594 d2db 7509 d16c 7479
0008280 cfff 73e4 ce94 734b cd2b 72ae cbc3 720c
0008290 ca5e 7165 c8fb 70bb c79a 700c c63b 6f58
00082a0 c4de 6ea1 c384 6de5 c22c 6d25 c0d6 6c60
00082b0 bf83 6b98 be32 6acb bce4 69fa bb98 6926
00082c0 ba4f 684d b909 6770 b7c5 668f b684 65aa
00082d0 b547 64c1 b40b 63d4 b2d3 62e4 b19e 61f0
00082e0 b06c 60f7 af3d 5ffc ae11 5efc ace8 5df9
00082f0 abc2 5cf2 aaa0 5be7 a981 5ad9 a865 59c8
0008300 a74d 58b3 a638 579b a527 567f a419 5560
0008310 a30e 543e a207 5318 a104 51ef a004 50c3
0008320 9f09 4f94 9e10 4e62 9d1c 4d2d 9c2c 4bf5
0008330 9b3f 4ab9 9a56 497c 9971 483b 9890 46f7
0008340 97b3 45b1 96da 4468 9606 431c 9535 41ce
0008350 9468 407d 93a0 3f2a 92db 3dd4 921b 3c7c
0008360 915f 3b22 90a8 39c5 8ff4 3866 8f45 3705
0008370 8e9b 35a2 8df4 343d 8d52 32d5 8cb5 316c
0008380 8c1c 3001 8b87 2e94 8af7 2d25 8a6c 2bb5
0008390 89e5 2a42 8962 28cf 88e4 2759 886b 25e2
00083a0 87f6 246a 8786 22f0 871b 2175 86b4 1ff8
00083b0 8652 1e7b 85f4 1cfc 859c 1b7c 8548 19fb
00083c0 84f8 1879 84ae 16f6 8468 1572 8427 13ed
00083d0 83eb 1268 83b4 10e2 8381 0f5b 8353 0dd4
00083e0 832a 0c4c 8306 0ac3 82e6 093a 82cc 07b1
00083f0 82b6 0628 82a5 049e 8299 0314 8292 018a
0008400 828f 0000 8292 fe76 8299 fcec 82a5 fb62
0008410 82b6 f9d8 82cc f84f 82e6 f6c6 8306 f53d
0008420 832a f3b4 8353 f22c 8381 f0a5 83b4 ef1e
0008430 83eb ed98 8427 ec13 8468 ea8e 84ae e90a
0008440 84f8 e787 8548 e605 859c e484 85f4 e304
0008450 8652 e185 86b4 e008 871b de8b 8786 dd10
0008460 87f6 db96 886b da1e 88e4 d8a7 8962 d731
0008470 89e5 d5be 8a6c d44b 8af7 d2db 8b87 d16c
0008480 8c1c cfff 8cb5 ce94 8d52 cd2b 8df4 cbc3
0008490 8e9b ca5e 8f45 c8fb 8ff4 c79a 90a8 c63b
00084a0 915f c4de 921b c384 92db c22c 93a0 c0d6
00084b0 9468 bf83 9535 be32 9606 bce4 96da bb98
00084c0 97b3 ba4f 9890 b909 9971 b7c5 9a56 b684
00084d0 9b3f b547 9c2c b40b 9d1c b2d3 9e10 b19e
00084e0 9f09 b06c a004 af3d a104 ae11 a207 ace8
00084f0 a30e abc2 a419 aaa0 a527 a981 a638 a865
0008500 a74d a74d a865 a638 a981 a527 aaa0 a419
0008510 abc2 a30e ace8 a207 ae11 a104 af3d a004
0008520 b06c 9f09 b19e 9e10 b2d3 9d1c b40b 9c2c
0008530 b547 9b3f b684 9a56 b7c5 9971 b909 9890
0008540 ba4f 97b3 bb98 96da bce4 9606 be32 9535
0008550 bf83 9468 c0d6 93a0 c22c 92db c384 921b
0008560 c4de 915f c63b 90a8 c79a 8ff4 c8fb 8f45
0008570 ca5e 8e9b cbc3 8df4 cd2b 8d52 ce94 8cb5
0008580 cfff 8c1c d16c 8b87 d2db 8af7 d44b 8a6c
0008590 d5be 89e5 d731 8962 d8a7 88e4 da1e 886b
00085a0 db96 87f6 dd10 8786 de8b 871b e008 86b4
00085b0 e185 8652 e304 85f4 e484 859c e605 8548
00085c0 e787 84f8 e90a 84ae ea8e 8468 ec13 8427
00085d0 ed98 83eb ef1e 83b4 f0a5 8381 f22c 8353
00085e0 f3b4 832a f53d 8306 f6c6 82e6 f84f 82cc
00085f0 f9d8 82b6 fb62 82a5 fcec 8299 fe76 8292
0008600 0000 828f 018a 8292 0314 8299 049e 82a5
0008610 0628 82b6 07b1 82cc 093a 82e6 0ac3 8306
0008620 0c4c 832a 0dd4 8353 0f5b 8381 10e2 83b4
0008630 1268 83eb 13ed 8427 1572 8468 16f6 84ae
0008640 1879 84f8 19fb 8548 1b7c 859c 1cfc 85f4
0008650 1e7b 8652 1ff8 86b4 2175 871b 22f0 8786
0008660 246a 87f6 25e2 886b 2759 88e4 28cf 8962
0008670 2a42 89e5 2bb5 8a6c 2d25 8af7 2e94 8b87
0008680 3001 8c1c 316c 8cb5 32d5 8d52 343d 8df4
0008690 35a2 8e9b 3705 8f45 3866 8ff4 39c5 90a8
00086a0 3b22 915f 3c7c 921b 3dd4 92db 3f2a 93a0
00086b0 407d 9468 41ce 9535 431c 9606 4468 96da
00086c0 45b1 97b3 46f7 9890 483b 9971 497c 9a56
00086d0 4ab9 9b3f 4bf5 9c2c 4d2d 9d1c 4e62 9e10
00086e0 4f94 9f09 50c3 a004 51ef a104 5318 a207
00086f0 543e a30e 5560 a419 567f a527 579b a638
0008700 58b3 a74d 59c8 a865 5ad9 a981 5be7 aaa0
0008710 5cf2 abc2 5df9 ace8 5efc ae11 5ffc af3d
0008720 60f7 b06c 61f0 b19e 62e4 b2d3 63d4 b40b
0008730 64c1 b547 65aa b684 668f b7c5 6770 b909
0008740 684d ba4f 6926 bb98 69fa bce4 6acb be32
0008750 6b98 bf83 6c60 c0d6 6d25 c22c 6de5 c384
0008760 6ea1 c4de 6f58 c63b 700c c79a 70bb c8fb
0008770 7165 ca5e 720c cbc3 72ae cd2b 734b ce94
0008780 73e4 cfff 7479 d16c 7509 d2db 7594 d44b
0008790 761b d5be 769e d731 771c d8a7 7795 da1e
00087a0 780a db96 787a dd10 78e5 de8b 794c e008
00087b0 79ae e185 7a0c e304 7a64 e484 7ab8 e605
00087c0 7b08 e787 7b52 e90a 7b98 ea8e 7bd9 ec13
00087d0 7c15 ed98 7c4c ef1e 7c7f f0a5 7cad f22c
00087e0 7cd6 f3b4 7cfa f53d 7d1a f6c6 7d34 f84f
00087f0 7d4a f9d8 7d5b fb62 7d67 fcec 7d6e fe76
0008800 7d71 0000 7d6e 018a 7d67 0314 7d5b 049e
0008810 7d4a 0628 7d34 07b1 7d1a 093a 7cfa 0ac3
0008820 7cd6 0c4c 7cad 0dd4 7c7f 0f5b 7c4c 10e2
0008830 7c15 1268 7bd9 13ed 7b98 1572 7b52 16f6
0008840 7b08 1879 7ab8 19fb 7a64 1b7c 7a0c 1cfc
0008850 79ae 1e7b 794c 1ff8 78e5 2175 787a 22f0
0008860 780a 246a 7795 25e2 771c 2759 769e 28cf
0008870 761b 2a42 7594 2bb5 7509 2d25 7479 2e94
0008880 73e4 3001 734b 316c 72ae 32d5 720c 343d
0008890 7165 35a2 70bb 3705 700c 3866 6f58 39c5
00088a0 6ea1 3b22 6de5 3c7c 6d25 3dd4 6c60 3f2a
00088b0 6b98 407d 6acb 41ce 69fa 431c 6926 4468
00088c0 684d 45b1 6770 46f7 668f 483b 65aa 497c
00088d0 64c1 4ab9 63d4 4bf5 62e4 4d2d 61f0 4e62
00088e0 60f7 4f94 5ffc 50c3 5efc 51ef 5df9 5318
00088f0 5cf2 543e 5be7 5560 5ad9 567f 59c8 579b
0008900 58b3 58b3 579b 59c8 567f 5ad9 5560 5be7
0008910 543e 5cf2 5318 5df9 51ef 5efc 50c3 5ffc
0008920 4f94 60f7 4e62 61f0 4d2d 62e4 4bf5 63d4
0008930 4ab9 64c1 497c 65aa 483b 668f 46f7 6770
0008940 45b1 684d 4468 6926 431c 69fa 41ce 6acb
0008950 407d 6b98 3f2a 6c60 3dd4 6d25 3c7c 6de5
0008960 3b22 6ea1 39c5 6f58 3866 700c 3705 70bb
0008970 35a2 7165 343d 720c 32d5 72ae 316c 734b
0008980 3001 73e4 2e94 7479 2d25 7509 2bb5 7594
0008990 2a42 761b 28cf 769e 2759 771c 25e2 7795
00089a0 246a 780a 22f0 787a 2175 78e5 1ff8 794c
00089b0 1e7b 79ae 1cfc 7a0c 1b7c 7a64 19fb 7ab8
00089c0 1879 7b08 16f6 7b52 1572 7b98 13ed 7bd9
00089d0 1268 7c15 10e2 7c4c 0f5b 7c7f 0dd4 7cad
00089e0 0c4c 7cd6 0ac3 7cfa 093a 7d1a 07b1 7d34
00089f0 0628 7d4a 049e 7d5b 0314 7d67 018a 7d6e
0008a00 0000 7d71 fe76 7d6e fcec 7d67 fb62 7d5b
0008a10 f9d8 7d4a f84f 7d34 f6c6 7d1a f53d 7cfa
0008a20 f3b4 7cd6 f22c 7cad f0a5 7c7f ef1e 7c4c
0008a30 ed98 7c15 ec13 7bd9 ea8e 7b98 e90a 7b52
0008a40 e787 7b08 e605 7ab8 e484 7a64 e304 7a0c
0008a50 e185 79ae e008 794c de8b 78e5 dd10 787a
0008a60 db96 780a da1e 7795 d8a7 771c d731 769e
0008a70 d5be 761b d44b 7594 d2db 7509 d16c 7479
0008a80 cfff 73e4 ce94 734b cd2b 72ae cbc3 720c
0008a90 ca5e 7165 c8fb 70bb c79a 700c c63b 6f58
0008aa0 c4de 6ea1 c384 6de5 c22c 6d25 c0d6 6c60
0008ab0 bf83 6b98 be32 6acb bce4 69fa bb98 6926
0008ac0 ba4f 684d b909 6770 b7c5 668f b684 65aa
0008ad0 b547 64c1 b40b 63d4 b2d3 62e4 b19e 61f0
0008ae0 b06c 60f7 af3d 5ffc ae11 5efc ace8 5df9
0008af0 abc2 5cf2 aaa0 5be7 a981 5ad9 a865 59c8
0008b00 a74d 58b3 a638 579b a527 567f a419 5560
0008b10 a30e 543e a207 5318 a104 51ef a004 50c3
0008b20 9f09 4f94 9e10 4e62 9d1c 4d2d 9c2c 4bf5
0008b30 9b3f 4ab9 9a56 497c 9971 483b 9890 46f7
0008b40 97b3 45b1 96da 4468 9606 431c 9535 41ce
0008b50 9468 407d 93a0 3f2a 92db 3dd4 921b 3c7c
0008b60 915f 3b22 90a8 39c5 8ff4 3866 8f45 3705
0008b70 8e9b 35a2 8df4 343d 8d52 32d5 8cb5 316c
0008b80 8c1c 3001 8b87 2e94 8af7 2d25 8a6c 2bb5
0008b90 89e5 2a42 8962 28cf 88e4 2759 886b 25e2
0008ba0 87f6 246a 8786 22f0 871b 2175 86b4 1ff8
0008bb0 8652 1e7b 85f4 1cfc 859c 1b7c 8548 19fb
0008bc0 84f8 1879 84ae 16f6 8468 1572 8427 13ed
0008bd0 83eb 1268 83b4 10e2 8381 0f5b 8353 0dd4
0008be0 832a 0c4c 8306 0ac3 82e6 093a 82cc 07b1
0008bf0 82b6 0628 82a5 049e 8299 0314 8292 018a
0008c00 828f 0000 8292 fe76 8299 fcec 82a5 fb62
0008c10 82b6 f9d8 82cc f84f 82e6 f6c6 8306 f53d
0008c20 832a f3b4 8353 f22c 8381 f0a5 83b4 ef1e
0008c30 83eb ed98 8427 ec13 8468 ea8e 84ae e90a
0008c40 84f8 e787 8548 e605 859c e484 85f4 e304
0008c50 8652 e185 86b4 e008 871b de8b 8786 dd10
0008c60 87f6 db96 886b da1e 88e4 d8a7 8962 d731
0008c70 89e5 d5be 8a6c d44b 8af7 d2db 8b87 d16c
0008c80 8c1c cfff 8cb5 ce94 8d52 cd2b 8df4 cbc3
0008c90 8e9b ca5e 8f45 c8fb 8ff4 c79a 90a8 c63b
0008ca0 915f c4de 921b c384 92db c22c 93a0 c0d6
0008cb0 9468 bf83 9535 be32 9606 bce4 96da bb98
0008cc0 97b3 ba4f 9890 b909 9971 b7c5 9a56 b684
0008cd0 9b3f b547 9c2c b40b 9d1c b2d3 9e10 b19e
0008ce0 9f09 b06c a004 af3d a104 ae11 a207 ace8
0008cf0 a30e abc2 a419 aaa0 a527 a981 a638 a865
0008d00 a74d a74d a865 a638 a981 a527 aaa0 a419
0008d10 abc2 a30e ace8 a207 ae11 a104 af3d a004
0008d20 b06c 9f09 b19e 9e10 b2d3 9d1c b40b 9c2c
0008d30 b547 9b3f b684 9a56 b7c5 9971 b909 9890
0008d40 ba4f 97b3 bb98 96da bce4 9606 be32 9535
0008d50 bf83 9468 c0d6 93a0 c22c 92db c384 921b
0008d60 c4de 915f c63b 90a8 c79a 8ff4 c8fb 8f45
0008d70 ca5e 8e9b cbc3 8df4 cd2b 8d52 ce94 8cb5
0008d80 cfff 8c1c d16c 8b87 d2db 8af7 d44b 8a6c
0008d90 d5be 89e5 d731 8962 d8a7 88e4 da1e 886b
0008da0 db96 87f6 dd10 8786 de8b 871b e008 86b4
0008db0 e185 8652 e304 85f4 e484 859c e605 8548
0008dc0 e787 84f8 e90a 84ae ea8e 8468 ec13 8427
0008dd0 ed98 83eb ef1e 83b4 f0a5 8381 f22c 8353
0008de0 f3b4 832a f53d 8306 f6c6 82e6 f84f 82cc
0008df0 f9d8 82b6 fb62 82a5 fcec 8299 fe76 8292
0008e00 0000 828f 018a 8292 0314 8299 049e 82a5
0008e10 0628 82b6 07b1 82cc 093a 82e6 0ac3 8306
0008e20 0c4c 832a 0dd4 8353 0f5b 8381 10e2 83b4
0008e30 1268 83eb 13ed 8427 1572 8468 16f6 84ae
0008e40 1879 84f8 19fb 8548 1b7c 859c 1cfc 85f4
0008e50 1e7b 8652 1ff8 86b4 2175 871b 22f0 8786
0008e60 246a 87f6 25e2 886b 2759 88e4 28cf 8962
0008e70 2a42 89e5 2bb5 8a6c 2d25 8af7 2e94 8b87
0008e80 3001 8c1c 316c 8cb5 32d5 8d52 343d 8df4
0008e90 35a2 8e9b 3705 8f45 3866 8ff4 39c5 90a8
0008ea0 3b22 915f 3c7c 921b 3dd4 92db 3f2a 93a0
0008eb0 407d 9468 41ce 9535 431c 9606 4468 96da
0008ec0 45b1 97b3 46f7 9890 483b 9971 497c 9a56
0008ed0 4ab9 9b3f 4bf5 9c2c 4d2d 9d1c 4e62 9e10
0008ee0 4f94 9f09 50c3 a004 51ef a104 5318 a207
0008ef0 543e a30e 5560 a419 567f a527 579b a638
0008f00 58b3 a74d 59c8 a865 5ad9 a981 5be7 aaa0
0008f10 5cf2 abc2 5df9 ace8 5efc ae11 5ffc af3d
0008f20 60f7 b06c 61f0 b19e 62e4 b2d3 63d4 b40b
0008f30 64c1 b547 65aa b684 668f b7c5 6770 b909
0008f40 684d ba4f 6926 bb98 69fa bce4 6acb be32
0008f50 6b98 bf83 6c60 c0d6 6d25 c22c 6de5 c384
0008f60 6ea1 c4de 6f58 c63b 700c c79a 70bb c8fb
0008f70 7165 ca5e 720c cbc3 72ae cd2b 734b ce94
0008f80 73e4 cfff 7479 d16c 7509 d2db 7594 d44b
0008f90 761b d5be 769e d731 771c d8a7 7795 da1e
0008fa0 780a db96 787a dd10 78e5 de8b 794c e008
0008fb0 79ae e185 7a0c e304 7a64 e484 7ab8 e605
0008fc0 7b08 e787 7b52 e90a 7b98 ea8e 7bd9 ec13
0008fd0 7c15 ed98 7c4c ef1e 7c7f f0a5 7cad f22c
0008fe0 7cd6 f3b4 7cfa f53d 7d1a f6c6 7d34 f84f
0008ff0 7d4a f9d8 7d5b fb62 7d67 fcec 7d6e fe76
0009000 7d71 0000 7d6e 018a 7d67 0314 7d5b 049e
0009010 7d4a 0628 7d34 07b1 7d1a 093a 7cfa 0ac3
0009020 7cd6 0c4c 7cad 0dd4 7c7f 0f5b 7c4c 10e2
0009030 7c15 1268 7bd9 13ed 7b98 1572 7b52 16f6
0009040 7b08 1879 7ab8 19fb 7a64 1b7c 7a0c 1cfc
0009050 79ae 1e7b 794c 1ff8 78e5 2175 787a 22f0
0009060 780a 246a 7795 25e2 771c 2759 769e 28cf
0009070 761b 2a42 7594 2bb5 7509 2d25 7479 2e94
0009080 73e4 3001 734b 316c 72ae 32d5 720c 343d
0009090 7165 35a2 70bb 3705 700c 3866 6f58 39c5
00090a0 6ea1 3b22 6de5 3c7c 6d25 3dd4 6c60 3f2a
00090b0 6b98 407d 6acb 41ce 69fa 431c 6926 4468
00090c0 684d 45b1 6770 46f7 668f 483b 65aa 497c
00090d0 64c1 4ab9 63d4 4bf5 62e4 4d2d 61f0 4e62
00090e0 60f7 4f94 5ffc 50c3 5efc 51ef 5df9 5318
00090f0 5cf2 543e 5be7 5560 5ad9 567f 59c8 579b
0009100 58b3 58b3 579b 59c8 567f 5ad9 5560 5be7
0009110 543e 5cf2 5318 5df9 51ef 5efc 50c3 5ffc
0009120 4f94 60f7 4e62 61f0 4d2d 62e4 4bf5 63d4
0009130 4ab9 64c1 497c 65aa 483b 668f 46f7 6770
0009140 45b1 684d 4468 6926 431c 69fa 41ce 6acb
0009150 407d 6b98 3f2a 6c60 3dd4 6d25 3c7c 6de5
0009160 3b22 6ea1 39c5 6f58 3866 700c 3705 70bb
0009170 35a2 7165 343d 720c 32d5 72ae 316c 734b
0009180 3001 73e4 2e94 7479 2d25 7509 2bb5 7594
0009190 2a42 761b 28cf 769e 2759 771c 25e2 7795
00091a0 246a 780a 22f0 787a 2175 78e5 1ff8 794c
00091b0 1e7b 79ae 1cfc 7a0c 1b7c 7a64 19fb 7ab8
00091c0 1879 7b08 16f6 7b52 1572 7b98 13ed 7bd9
00091d0 1268 7c15 10e2 7c4c 0f5b 7c7f 0dd4 7cad
00091e0 0c4c 7cd6 0ac3 7cfa 093a 7d1a 07b1 7d34
00091f0 0628 7d4a 049e 7d5b 0314 7d67 018a 7d6e
0009200 0000 7d71 fe76 7d6e fcec 7d67 fb62 7d5b
0009210 f9d8 7d4a f84f 7d34 f6c6 7d1a f53d 7cfa
0009220 f3b4 7cd6 f22c 7cad f0a5 7c7f ef1e 7c4c
0009230 ed98 7c15 ec13 7bd9 ea8e 7b98 e90a 7b52
0009240 e787 7b08 e605 7ab8 e484 7a64 e304 7a0c
0009250 e185 79ae e008 794c de8b 78e5 dd10 787a
0009260 db96 780a da1e 7795 d8a7 771c d731 769e
0009270 d5be 761b d44b 7594 d2db 7509 d16c 7479
0009280 cfff 73e4 ce94 734b cd2b 72ae cbc3 720c
0009290 ca5e 7165 c8fb 70bb c79a 700c c63b 6f58
00092a0 c4de 6ea1 c384 6de5 c22c 6d25 c0d6 6c60
00092b0 bf83 6b98 be32 6acb bce4 69fa bb98 6926
00092c0 ba4f 684d b909 6770 b7c5 668f b684 65aa
00092d0 b547 64c1 b40b 63d4 b2d3 62e4 b19e 61f0
00092e0 b06c 60f7 af3d 5ffc ae11 5efc ace8 5df9
00092f0 abc2 5cf2 aaa0 5be7 a981 5ad9 a865 59c8
0009300 a74d 58b3 a638 579b a527 567f a419 5560
0009310 a30e 543e a207 5318 a104 51ef a004 50c3
0009320 9f09 4f94 9e10 4e62 9d1c 4d2d 9c2c 4bf5
0009330 9b3f 4ab9 9a56 497c 9971 483b 9890 46f7
0009340 97b3 45b1 96da 4468 9606 431c 9535 41ce
0009350 9468 407d 93a0 3f2a 92db 3dd4 921b 3c7c
0009360 915f 3b22 90a8 39c5 8ff4 3866 8f45 3705
0009370 8e9b 35a2 8df4 343d 8d52 32d5 8cb5 316c
0009380 8c1c 3001 8b87 2e94 8af7 2d25 8a6c 2bb5
0009390 89e5 2a42 8962 28cf 88e4 2759 886b 25e2
00093a0 87f6 246a 8786 22f0 871b 2175 86b4 1ff8
00093b0 8652 1e7b 85f4 1cfc 859c 1b7c 8548 19fb
00093c0 84f8 1879 84ae 16f6 8468 1572 8427 13ed
00093d0 83eb 1268 83b4 10e2 8381 0f5b 8353 0dd4
00093e0 832a 0c4c 8306 0ac3 82e6 093a 82cc 07b1
00093f0 82b6 0628 82a5 049e 8299 0314 8292 018a
0009400 828f 0000 8292 fe76 8299 fcec 82a5 fb62
0009410 82b6 f9d8 82cc f84f 82e6 f6c6 8306 f53d
0009420 832a f3b4 8353 f22c 8381 f0a5 83b4 ef1e
0009430 83eb ed98 8427 ec13 8468 ea8e 84ae e90a
0009440 84f8 e787 8548 e605 859c e484 85f4 e304
0009450 8652 e185 86b4 e008 871b de8b 8786 dd10
0009460 87f6 db96 886b da1e 88e4 d8a7 8962 d731
0009470 89e5 d5be 8a6c d44b 8af7 d2db 8b87 d16c
0009480 8c1c cfff 8cb5 ce94 8d52 cd2b 8df4 cbc3
0009490 8e9b ca5e 8f45 c8fb 8ff4 c79a 90a8 c63b
00094a0 915f c4de 921b c384 92db c22c 93a0 c0d6
00094b0 9468 bf83 9535 be32 9606 bce4 96da bb98
00094c0 97b3 ba4f 9890 b909 9971 b7c5 9a56 b684
00094d0 9b3f b547 9c2c b40b 9d1c b2d3 9e10 b19e
00094e0 9f09 b06c a004 af3d a104 ae11 a207 ace8
00094f0 a30e abc2 a419 aaa0 a527 a981 a638 a865
0009500 a74d a74d a865 a638 a981 a527 aaa0 a419
0009510 abc2 a30e ace8 a207 ae11 a104 af3d a004
0009520 b06c 9f09 b19e 9e10 b2d3 9d1c b40b 9c2c
0009530 b547 9b3f b684 9a56 b7c5 9971 b909 9890
0009540 ba4f 97b3 bb98 96da bce4 9606 be32 9535
0009550 bf83 9468 c0d6 93a0 c22c 92db c384 921b
0009560 c4de 915f c63b 90a8 c79a 8ff4 c8fb 8f45
0009570 ca5e 8e9b cbc3 8df4 cd2b 8d52 ce94 8cb5
0009580 cfff 8c1c d16c 8b87 d2db 8af7 d44b 8a6c
0009590 d5be 89e5 d731 8962 d8a7 88e4 da1e 886b
00095a0 db96 87f6 dd10 8786 de8b 871b e008 86b4
00095b0 e185 8652 e304 85f4 e484 859c e605 8548
00095c0 e787 84f8 e90a 84ae ea8e 8468 ec13 8427
00095d0 ed98 83eb ef1e 83b4 f0a5 8381 f22c 8353
00095e0 f3b4 832a f53d 8306 f6c6 82e6 f84f 82cc
00095f0 f9d8 82b6 fb62 82a5 fcec 8299 fe76 8292
0009600 0000 828f 018a 8292 0314 8299 049e 82a5
0009610 0628 82b6 07b1 82cc 093a 82e6 0ac3 8306
0009620 0c4c 832a 0dd4 8353 0f5b 8381 10e2 83b4
0009630 1268 83eb 13ed 8427 1572 8468 16f6 84ae
0009640 1879 84f8 19fb 8548 1b7c 859c 1cfc 85f4
0009650 1e7b 8652 1ff8 86b4 2175 871b 22f0 8786
0009660 246a 87f6 25e2 886b 2759 88e4 28cf 8962
0009670 2a42 89e5 2bb5 8a6c 2d25 8af7 2e94 8b87
0009680 3001 8c1c 316c 8cb5 32d5 8d52 343d 8df4
0009690 35a2 8e9b 3705 8f45 3866 8ff4 39c5 90a8
00096a0 3b22 915f 3c7c 921b 3dd4 92db 3f2a 93a0
00096b0 407d 9468 41ce 9535 431c 9606 4468 96da
00096c0 45b1 97b3 46f7 9890 483b 9971 497c 9a56
00096d0 4ab9 9b3f 4bf5 9c2c 4d2d 9d1c 4e62 9e10
00096e0 4f94 9f09 50c3 a004 51ef a104 5318 a207
00096f0 543e a30e 5560 a419 567f a527 579b a638
0009700 58b3 a74d 59c8 a865 5ad9 a981 5be7 aaa0
0009710 5cf2 abc2 5df9 ace8 5efc ae11 5ffc af3d
0009720 60f7 b06c 61f0 b19e 62e4 b2d3 63d4 b40b
0009730 64c1 b547 65aa b684 668f b7c5 6770 b909
0009740 684d ba4f 6926 bb98 69fa bce4 6acb be32
0009750 6b98 bf83 6c60 c0d6 6d25 c22c 6de5 c384
0009760 6ea1 c4de 6f58 c63b 700c c79a 70bb c8fb
0009770 7165 ca5e 720c cbc3 72ae cd2b 734b ce94
0009780 73e4 cfff 7479 d16c 7509 d2db 7594 d44b
0009790 761b d5be 769e d731 771c d8a7 7795 da1e
00097a0 780a db96 787a dd10 78e5 de8b 794c e008
00097b0 79ae e185 7a0c e304 7a64 e484 7ab8 e605
00097c0 7b08 e787 7b52 e90a 7b98 ea8e 7bd9 ec13
00097d0 7c15 ed98 7c4c ef1e 7c7f f0a5 7cad f22c
00097e0 7cd6 f3b4 7cfa f53d 7d1a f6c6 7d34 f84f
00097f0 7d4a f9d8 7d5b fb62 7d67 fcec 7d6e fe76
0009800 7d71 0000 7d6e 018a 7d67 0314 7d5b 049e
0009810 7d4a 0628 7d34 07b1 7d1a 093a 7cfa 0ac3
0009820 7cd6 0c4c 7cad 0dd4 7c7f 0f5b 7c4c 10e2
0009830 7c15 1268 7bd9 13ed 7b98 1572 7b52 16f6
0009840 7b08 1879 7ab8 19fb 7a64 1b7c 7a0c 1cfc
0009850 79ae 1e7b 794c 1ff8 78e5 2175 787a 22f0
0009860 780a 246a 7795 25e2 771c 2759 769e 28cf
0009870 761b 2a42 7594 2bb5 7509 2d25 7479 2e94
0009880 73e4 3001 734b 316c 72ae 32d5 720c 343d
0009890 7165 35a2 70bb 3705 700c 3866 6f58 39c5
00098a0 6ea1 3b22 6de5 3c7c 6d25 3dd4 6c60 3f2a
00098b0 6b98 407d 6acb 41ce 69fa 431c 6926 4468
00098c0 684d 45b1 6770 46f7 668f 483b 65aa 497c
00098d0 64c1 4ab9 63d4 4bf5 62e4 4d2d 61f0 4e62
00098e0 60f7 4f94 5ffc 50c3 5efc 51ef 5df9 5318
00098f0 5cf2 543e 5be7 5560 5ad9 567f 59c8 579b
0009900 58b3 58b3 579b 59c8 567f 5ad9 5560 5be7
0009910 543e 5cf2 5318 5df9 51ef 5efc 50c3 5ffc
0009920 4f94 60f7 4e62 61f0 4d2d 62e4 4bf5 63d4
0009930 4ab9 64c1 497c 65aa 483b 668f 46f7 6770
0009940 45b1 684d 4468 6926 431c 69fa 41ce 6acb
0009950 407d 6b98 3f2a 6c60 3dd4 6d25 3c7c 6de5
0009960 3b22 6ea1 39c5 6f58 3866 700c 3705 70bb
0009970 35a2 7165 343d 720c 32d5 72ae 316c 734b
0009980 3001 73e4 2e94 7479 2d25 7509 2bb5 7594
0009990 2a42 761b 28cf 769e 2759 771c 25e2 7795
00099a0 246a 780a 22f0 787a 2175 78e5 1ff8 794c
00099b0 1e7b 79ae 1cfc 7a0c 1b7c 7a64 19fb 7ab8
00099c0 1879 7b08 16f6 7b52 1572 7b98 13ed 7bd9
00099d0 1268 7c15 10e2 7c4c 0f5b 7c7f 0dd4 7cad
00099e0 0c4c 7cd6 0ac3 7cfa 093a 7d1a 07b1 7d34
00099f0 0628 7d4a 049e 7d5b 0314 7d67 018a 7d6e
0009a00 0000 7d71 fe76 7d6e fcec 7d67 fb62 7d5b
0009a10 f9d8 7d4a f84f 7d34 f6c6 7d1a f53d 7cfa
0009a20 f3b4 7cd6 f22c 7cad f0a5 7c7f ef1e 7c4c
0009a30 ed98 7c15 ec13 7bd9 ea8e 7b98 e90a 7b52
0009a40 e787 7b08 e605 7ab8 e484 7a64 e304 7a0c
0009a50 e185 79ae e008 794c de8b 78e5 dd10 787a
0009a60 db96 780a da1e 7795 d8a7 771c d731 769e
0009a70 d5be 761b d44b 7594 d2db 7509 d16c 7479
0009a80 cfff 73e4 ce94 734b cd2b 72ae cbc3 720c
0009a90 ca5e 7165 c8fb 70bb c79a 700c c63b 6f58
0009aa0 c4de 6ea1 c384 6de5 c22c 6d25 c0d6 6c60
0009ab0 bf83 6b98 be32 6acb bce4 69fa bb98 6926
0009ac0 ba4f 684d b909 6770 b7c5 668f b684 65aa
0009ad0 b547 64c1 b40b 63d4 b2d3 62e4 b19e 61f0
0009ae0 b06c 60f7 af3d 5ffc ae11 5efc ace8 5df9
0009af0 abc2 5cf2 aaa0 5be7 a981 5ad9 a865 59c8
0009b00 a74d 58b3 a638 579b a527 567f a419 5560
0009b10 a30e 543e a207 5318 a104 51ef a004 50c3
0009b20 9f09 4f94 9e10 4e62 9d1c 4d2d 9c2c 4bf5
0009b30 9b3f 4ab9 9a56 497c 9971 483b 9890 46f7
0009b40 97b3 45b1 96da 4468 9606 431c 9535 41ce
0009b50 9468 407d 93a0 3f2a 92db 3dd4 921b 3c7c
0009b60 915f 3b22 90a8 39c5 8ff4 3866 8f45 3705
0009b70 8e9b 35a2 8df4 343d 8d52 32d5 8cb5 316c
0009b80 8c1c 3001 8b87 2e94 8af7 2d25 8a6c 2bb5
0009b90 89e5 2a42 8962 28cf 88e4 2759 886b 25e2
0009ba0 87f6 246a 8786 22f0 871b 2175 86b4 1ff8
0009bb0 8652 1e7b 85f4 1cfc 859c 1b7c 8548 19fb
0009bc0 84f8 1879 84ae 16f6 8468 1572 8427 13ed
0009bd0 83eb 1268 83b4 10e2 8381 0f5b 8353 0dd4
0009be0 832a 0c4c 8306 0ac3 82e6 093a 82cc 07b1
0009bf0 82b6 0628 82a5 049e 8299 0314 8292 018a
0009c00 828f 0000 8292 fe76 8299 fcec 82a5 fb62
0009c10 82b6 f9d8 82cc f84f 82e6 f6c6 8306 f53d
0009c20 832a f3b4 8353 f22c 8381 f0a5 83b4 ef1e
0009c30 83eb ed98 8427 ec13 8468 ea8e 84ae e90a
0009c40 84f8 e787 8548 e605 859c e484 85f4 e304
0009c50 8652 e185 86b4 e008 871b de8b 8786 dd10
0009c60 87f6 db96 886b da1e 88e4 d8a7 8962 d731
0009c70 89e5 d5be 8a6c d44b 8af7 d2db 8b87 d16c
0009c80 8c1c cfff 8cb5 ce94 8d52 cd2b 8df4 cbc3
0009c90 8e9b ca5e 8f45 c8fb 8ff4 c79a 90a8 c63b
0009ca0 915f c4de 921b c384 92db c22c 93a0 c0d6
0009cb0 9468 bf83 9535 be32 9606 bce4 96da bb98
0009cc0 97b3 ba4f 9890 b909 9971 b7c5 9a56 b684
0009cd0 9b3f b547 9c2c b40b 9d1c b2d3 9e10 b19e
0009ce0 9f09 b06c a004 af3d a104 ae11 a207 ace8
0009cf0 a30e abc2 a419 aaa0 a527 a981 a638 a865
0009d00 a74d a74d a865 a638 a981 a527 aaa0 a419
0009d10 abc2 a30e ace8 a207 ae11 a104 af3d a004
0009d20 b06c 9f09 b19e 9e10 b2d3 9d1c b40b 9c2c
0009d30 b547 9b3f b684 9a56 b7c5 9971 b909 9890
0009d40 ba4f 97b3 bb98 96da bce4 9606 be32 9535
0009d50 bf83 9468 c0d6 93a0 c22c 92db c384 921b
0009d60 c4de 915f c63b 90a8 c79a 8ff4 c8fb 8f45
0009d70 ca5e 8e9b cbc3 8df4 cd2b 8d52 ce94 8cb5
0009d80 cfff 8c1c d16c 8b87 d2db 8af7 d44b 8a6c
0009d90 d5be 89e5 d731 8962 d8a7 88e4 da1e 886b
0009da0 db96 87f6 dd10 8786 de8b 871b e008 86b4
0009db0 e185 8652 e304 85f4 e484 859c e605 8548
0009dc0 e787 84f8 e90a 84ae ea8e 8468 ec13 8427
0009dd0 ed98 83eb ef1e 83b4 f0a5 8381 f22c 8353
0009de0 f3b4 832a f53d 8306 f6c6 82e6 f84f 82cc
0009df0 f9d8 82b6 fb62 82a5 fcec 8299 fe76 8292
0009e00 0000 828f 018a 8292 0314 8299 049e 82a5
0009e10 0628 82b6 07b1 82cc 093a 82e6 0ac3 8306
0009e20 0c4c 832a 0dd4 8353 0f5b 8381 10e2 83b4
0009e30 1268 83eb 13ed 8427 1572 8468 16f6 84ae
0009e40 1879 84f8 19fb 8548 1b7c 859c 1cfc 85f4
0009e50 1e7b 8652 1ff8 86b4 2175 871b 22f0 8786
0009e60 246a 87f6 25e2 886b 2759 88e4 28cf 8962
0009e70 2a42 89e5 2bb5 8a6c 2d25 8af7 2e94 8b87
0009e80 3001 8c1c 316c 8cb5 32d5 8d52 343d 8df4
0009e90 35a2 8e9b 3705 8f45 3866 8ff4 39c5 90a8
0009ea0 3b22 915f 3c7c 921b 3dd4 92db 3f2a 93a0
0009eb0 407d 9468 41ce 9535 431c 9606 4468 96da
0009ec0 45b1 97b3 46f7 9890 483b 9971 497c 9a56
0009ed0 4ab9 9b3f 4bf5 9c2c 4d2d 9d1c 4e62 9e10
0009ee0 4f94 9f09 50c3 a004 51ef a104 5318 a207
0009ef0 543e a30e 5560 a419 567f a527 579b a638
0009f00 58b3 a74d 59c8 a865 5ad9 a981 5be7 aaa0
0009f10 5cf2 abc2 5df9 ace8 5efc ae11 5ffc af3d
0009f20 60f7 b06c 61f0 b19e 62e4 b2d3 63d4 b40b
0009f30 64c1 b547 65aa b684 668f b7c5 6770 b909
0009f40 684d ba4f 6926 bb98 69fa bce4 6acb be32
0009f50 6b98 bf83 6c60 c0d6 6d25 c22c 6de5 c384
0009f60 6ea1 c4de 6f58 c63b 700c c79a 70bb c8fb
0009f70 7165 ca5e 720c cbc3 72ae cd2b 734b ce94
0009f80 73e4 cfff 7479 d16c 7509 d2db 7594 d44b
0009f90 761b d5be 769e d731 771c d8a7 7795 da1e
0009fa0 780a db96 787a dd10 78e5 de8b 794c e008
0009fb0 79ae e185 7a0c e304 7a64 e484 7ab8 e605
0009fc0 7b08 e787 7b52 e90a 7b98 ea8e 7bd9 ec13
0009fd0 7c15 ed98 7c4c ef1e 7c7f f0a5 7cad f22c
0009fe0 7cd6 f3b4 7cfa f53d 7d1a f6c6 7d34 f84f
0009ff0 7d4a f9d8 7d5b fb62 7d67 fcec 7d6e fe76
000a000 7d71 0000 7d6e 018a 7d67 0314 7d5b 049e
000a010 7d4a 0628 7d34 07b1 7d1a 093a 7cfa 0ac3
000a020 7cd6 0c4c 7cad 0dd4 7c7f 0f5b 7c4c 10e2
000a030 7c15 1268 7bd9 13ed 7b98 1572 7b52 16f6
000a040 7b08 1879 7ab8 19fb 7a64 1b7c 7a0c 1cfc
000a050 79ae 1e7b 794c 1ff8 78e5 2175 787a 22f0
000a060 780a 246a 7795 25e2 771c 2759 769e 28cf
000a070 761b 2a42 7594 2bb5 7509 2d25 7479 2e94
000a080 73e4 3001 734b 316c 72ae 32d5 720c 343d
000a090 7165 35a2 70bb 3705 700c 3866 6f58 39c5
000a0a0 6ea1 3b22 6de5 3c7c 6d25 3dd4 6c60 3f2a
000a0b0 6b98 407d 6acb 41ce 69fa 431c 6926 4468
000a0c0 684d 45b1 6770 46f7 668f 483b 65aa 497c
000a0d0 64c1 4ab9 63d4 4bf5 62e4 4d2d 61f0 4e62
000a0e0 60f7 4f94 5ffc 50c3 5efc 51ef 5df9 5318
000a0f0 5cf2 543e 5be7 5560 5ad9 567f 59c8 579b
000a100 58b3 58b3 579b 59c8 567f 5ad9 5560 5be7
000a110 543e 5cf2 5318 5df9 51ef 5efc 50c3 5ffc
000a120 4f94 60f7 4e62 61f0 4d2d 62e4 4bf5 63d4
000a130 4ab9 64c1 497c 65aa 483b 668f 46f7 6770
000a140 45b1 684d 4468 6926 431c 69fa 41ce 6acb
000a150 407d 6b98 3f2a 6c60 3dd4 6d25 3c7c 6de5
000a160 3b22 6ea1 39c5 6f58 3866 700c 3705 70bb
000a170 35a2 7165 343d 720c 32d5 72ae 316c 734b
000a180 3001 73e4 2e94 7479 2d25 7509 2bb5 7594
000a190 2a42 761b 28cf 769e 2759 771c 25e2 7795
000a1a0 246a 780a 22f0 787a 2175 78e5 1ff8 794c
000a1b0 1e7b 79ae 1cfc 7a0c 1b7c 7a64 19fb 7ab8
000a1c0 1879 7b08 16f6 7b52 1572 7b98 13ed 7bd9
000a1d0 1268 7c15 10e2 7c4c 0f5b 7c7f 0dd4 7cad
000a1e0 0c4c 7cd6 0ac3 7cfa 093a 7d1a 07b1 7d34
000a1f0 0628 7d4a 049e 7d5b 0314 7d67 018a 7d6e
000a200 0000 7d71 fe76 7d6e fcec 7d67 fb62 7d5b
000a210 f9d8 7d4a f84f 7d34 f6c6 7d1a f53d 7cfa
000a220 f3b4 7cd6 f22c 7cad f0a5 7c7f ef1e 7c4c
000a230 ed98 7c15 ec13 7bd9 ea8e 7b98 e90a 7b52
000a240 e787 7b08 e605 7ab8 e484 7a64 e304 7a0c
000a250 e185 79ae e008 794c de8b 78e5 dd10 787a
000a260 db96 780a da1e 7795 d8a7 771c d731 769e
000a270 d5be 761b d44b 7594 d2db 7509 d16c 7479
000a280 cfff 73e4 ce94 734b cd2b 72ae cbc3 720c
000a290 ca5e 7165 c8fb 70bb c79a 700c c63b 6f58
000a2a0 c4de 6ea1 c384 6de5 c22c 6d25 c0d6 6c60
000a2b0 bf83 6b98 be32 6acb bce4 69fa bb98 6926
000a2c0 ba4f 684d b909 6770 b7c5 668f b684 65aa
000a2d0 b547 64c1 b40b 63d4 b2d3 62e4 b19e 61f0
000a2e0 b06c 60f7 af3d 5ffc ae11 5efc ace8 5df9
000a2f0 abc2 5cf2 aaa0 5be7 a981 5ad9 a865 59c8
000a300 a74d 58b3 a638 579b a527 567f a419 5560
000a310 a30e 543e a207 5318 a104 51ef a004 50c3
000a320 9f09 4f94 9e10 4e62 9d1c 4d2d 9c2c 4bf5
000a330 9b3f 4ab9 9a56 497c 9971 483b 9890 46f7
000a340 97b3 45b1 96da 4468 9606 431c 9535 41ce
000a350 9468 407d 93a0 3f2a 92db 3dd4 921b 3c7c
000a360 915f 3b22 90a8 39c5 8ff4 3866 8f45 3705
000a370 8e9b 35a2 8df4 343d 8d52 32d5 8cb5 316c
000a380 8c1c 3001 8b87 2e94 8af7 2d25 8a6c 2bb5
000a390 89e5 2a42 8962 28cf 88e4 2759 886b 25e2
000a3a0 87f6 246a 8786 22f0 871b 2175 86b4 1ff8
000a3b0 8652 1e7b 85f4 1cfc 859c 1b7c 8548 19fb
000a3c0 84f8 1879 84ae 16f6 8468 1572 8427 13ed
000a3d0 83eb 1268 83b4 10e2 8381 0f5b 8353 0dd4
000a3e0 832a 0c4c 8306 0ac3 82e6 093a 82cc 07b1
000a3f0 82b6 0628 82a5 049e 8299 0314 8292 018a
000a400 828f 0000 8292 fe76 8299 fcec 82a5 fb62
000a410 82b6 f9d8 82cc f84f 82e6 f6c6 8306 f53d
000a420 832a f3b4 8353 f22c 8381 f0a5 83b4 ef1e
000a430 83eb ed98 8427 ec13 8468 ea8e 84ae e90a
000a440 84f8 e787 8548 e605 859c e484 85f4 e304
000a450 8652 e185 86b4 e008 871b de8b 8786 dd10
000a460 87f6 db96 886b da1e 88e4 d8a7 8962 d731
000a470 89e5 d5be 8a6c d44b 8af7 d2db 8b87 d16c
000a480 8c1c cfff 8cb5 ce94 8d52 cd2b 8df4 cbc3
000a490 8e9b ca5e 8f45 c8fb 8ff4 c79a 90a8 c63b
000a4a0 915f c4de 921b c384 92db c22c 93a0 c0d6
000a4b0 9468 bf83 9535 be32 9606 bce4 96da bb98
000a4c0 97b3 ba4f 9890 b909 9971 b7c5 9a56 b684
000a4d0 9b3f b547 9c2c b40b 9d1c b2d3 9e10 b19e
000a4e0 9f09 b06c a004 af3d a104 ae11 a207 ace8
000a4f0 a30e abc2 a419 aaa0 a527 a981 a638 a865
000a500 a74d a74d a865 a638 a981 a527 aaa0 a419
000a510 abc2 a30e ace8 a207 ae11 a104 af3d a004
000a520 b06c 9f09 b19e 9e10 b2d3 9d1c b40b 9c2c
000a530 b547 9b3f b684 9a56 b7c5 9971 b909 9890
000a540 ba4f 97b3 bb98 96da bce4 9606 be32 9535
000a550 bf83 9468 c0d6 93a0 c22c 92db c384 921b
000a560 c4de 915f c63b 90a8 c79a 8ff4 c8fb 8f45
000a570 ca5e 8e9b cbc3 8df4 cd2b 8d52 ce94 8cb5
000a580 cfff 8c1c d16c 8b87 d2db 8af7 d44b 8a6c
000a590 d5be 89e5 d731 8962 d8a7 88e4 da1e 886b
000a5a0 db96 87f6 dd10 8786 de8b 871b e008 86b4
000a5b0 e185 8652 e304 85f4 e484 859c e605 8548
000a5c0 e787 84f8 e90a 84ae ea8e 8468 ec13 8427
000a5d0 ed98 83eb ef1e 83b4 f0a5 8381 f22c 8353
000a5e0 f3b4 832a f53d 8306 f6c6 82e6 f84f 82cc
000a5f0 f9d8 82b6 fb62 82a5 fcec 8299 fe76 8292
000a600 0000 828f 018a 8292 0314 8299 049e 82a5
000a610 0628 82b6 07b1 82cc 093a 82e6 0ac3 8306
000a620 0c4c 832a 0dd4 8353 0f5b 8381 10e2 83b4
000a630 1268 83eb 13ed 8427 1572 8468 16f6 84ae
000a640 1879 84f8 19fb 8548 1b7c 859c 1cfc 85f4
000a650 1e7b 8652 1ff8 86b4 2175 871b 22f0 8786
000a660 246a 87f6 25e2 886b 2759 88e4 28cf 8962
000a670 2a42 89e5 2bb5 8a6c 2d25 8af7 2e94 8b87
000a680 3001 8c1c 316c 8cb5 32d5 8d52 343d 8df4
000a690 35a2 8e9b 3705 8f45 3866 8ff4 39c5 90a8
000a6a0 3b22 915f 3c7c 921b 3dd4 92db 3f2a 93a0
000a6b0 407d 9468 41ce 9535 431c 9606 4468 96da
000a6c0 45b1 97b3 46f7 9890 483b 9971 497c 9a56
000a6d0 4ab9 9b3f 4bf5 9c2c 4d2d 9d1c 4e62 9e10
000a6e0 4f94 9f09 50c3 a004 51ef a104 5318 a207
000a6f0 543e a30e 5560 a419 567f a527 579b a638
000a700 58b3 a74d 59c8 a865 5ad9 a981 5be7 aaa0
000a710 5cf2 abc2 5df9 ace8 5efc ae11 5ffc af3d
000a720 60f7 b06c 61f0 b19e 62e4 b2d3 63d4 b40b
000a730 64c1 b547 65aa b684 668f b7c5 6770 b909
000a740 684d ba4f 6926 bb98 69fa bce4 6acb be32
000a750 6b98 bf83 6c60 c0d6 6d25 c22c 6de5 c384
000a760 6ea1 c4de 6f58 c63b 700c c79a 70bb c8fb
000a770 7165 ca5e 720c cbc3 72ae cd2b 734b ce94
000a780 73e4 cfff 7479 d16c 7509 d2db 7594 d44b
000a790 761b d5be 769e d731 771c d8a7 7795 da1e
000a7a0 780a db96 787a dd10 78e5 de8b 794c e008
000a7b0 79ae e185 7a0c e304 7a64 e484 7ab8 e605
000a7c0 7b08 e787 7b52 e90a 7b98 ea8e 7bd9 ec13
000a7d0 7c15 ed98 7c4c ef1e 7c7f f0a5 7cad f22c
000a7e0 7cd6 f3b4 7cfa f53d 7d1a f6c6 7d34 f84f
000a7f0 7d4a f9d8 7d5b fb62 7d67 fcec 7d6e fe76
000a800 7d71 0000 7d6e 018a 7d67 0314 7d5b 049e
000a810 7d4a 0628 7d34 07b1 7d1a 093a 7cfa 0ac3
000a820 7cd6 0c4c 7cad 0dd4 7c7f 0f5b 7c4c 10e2
000a830 7c15 1268 7bd9 13ed 7b98 1572 7b52 16f6
000a840 7b08 1879 7ab8 19fb 7a64 1b7c 7a0c 1cfc
000a850 79ae 1e7b 794c 1ff8 78e5 2175 787a 22f0
000a860 780a 246a 7795 25e2 771c 2759 769e 28cf
000a870 761b 2a42 7594 2bb5 7509 2d25 7479 2e94
000a880 73e4 3001 734b 316c 72ae 32d5 720c 343d
000a890 7165 35a2 70bb 3705 700c 3866 6f58 39c5
000a8a0 6ea1 3b22 6de5 3c7c 6d25 3dd4 6c60 3f2a
000a8b0 6b98 407d 6acb 41ce 69fa 431c 6926 4468
000a8c0 684d 45b1 6770 46f7 668f 483b 65aa 497c
000a8d0 64c1 4ab9 63d4 4bf5 62e4 4d2d 61f0 4e62
000a8e0 60f7 4f94 5ffc 50c3 5efc 51ef 5df9 5318
000a8f0 5cf2 543e 5be7 5560 5ad9 567f 59c8 579b
000a900 58b3 58b3 579b 59c8 567f 5ad9 5560 5be7
000a910 543e 5cf2 5318 5df9 51ef 5efc 50c3 5ffc
000a920 4f94 60f7 4e62 61f0 4d2d 62e4 4bf5 63d4
000a930 4ab9 64c1 497c 65aa 483b 668f 46f7 6770
000a940 45b1 684d 4468 6926 431c 69fa 41ce 6acb
000a950 407d 6b98 3f2a 6c60 3dd4 6d25 3c7c 6de5
000a960 3b22 6ea1 39c5 6f58 3866 700c 3705 70bb
000a970 35a2 7165 343d 720c 32d5 72ae 316c 734b
000a980 3001 73e4 2e94 7479 2d25 7509 2bb5 7594
000a990 2a42 761b 28cf 769e 2759 771c 25e2 7795
000a9a0 246a 780a 22f0 787a 2175 78e5 1ff8 794c
000a9b0 1e7b 79ae 1cfc 7a0c 1b7c 7a64 19fb 7ab8
000a9c0 1879 7b08 16f6 7b52 1572 7b98 13ed 7bd9
000a9d0 1268 7c15 10e2 7c4c 0f5b 7c7f 0dd4 7cad
000a9e0 0c4c 7cd6 0ac3 7cfa 093a 7d1a 07b1 7d34
000a9f0 0628 7d4a 049e 7d5b 0314 7d67 018a 7d6e
000aa00 0000 7d71 fe76 7d6e fcec 7d67 fb62 7d5b
000aa10 f9d8 7d4a f84f 7d34 f6c6 7d1a f53d 7cfa
000aa20 f3b4 7cd6 f22c 7cad f0a5 7c7f ef1e 7c4c
000aa30 ed98 7c15 ec13 7bd9 ea8e 7b98 e90a 7b52
000aa40 e787 7b08 e605 7ab8 e484 7a64 e304 7a0c
000aa50 e185 79ae e008 794c de8b 78e5 dd10 787a
000aa60 db96 780a da1e 7795 d8a7 771c d731 769e
000aa70 d5be 761b d44b 7594 d2db 7509 d16c 7479
000aa80 cfff 73e4 ce94 734b cd2b 72ae cbc3 720c
000aa90 ca5e 7165 c8fb 70bb c79a 700c c63b 6f58
000aaa0 c4de 6ea1 c384 6de5 c22c 6d25 c0d6 6c60
000aab0 bf83 6b98 be32 6acb bce4 69fa bb98 6926
000aac0 ba4f 684d b909 6770 b7c5 668f b684 65aa
000aad0 b547 64c1 b40b 63d4 b2d3 62e4 b19e 61f0
000aae0 b06c 60f7 af3d 5ffc ae11 5efc ace8 5df9
000aaf0 abc2 5cf2 aaa0 5be7 a981 5ad9 a865 59c8
000ab00 a74d 58b3 a638 579b a527 567f a419 5560
000ab10 a30e 543e a207 5318 a104 51ef a004 50c3
000ab20 9f09 4f94 9e10 4e62 9d1c 4d2d 9c2c 4bf5
000ab30 9b3f 4ab9 9a56 497c 9971 483b 9890 46f7
000ab40 97b3 45b1 96da 4468 9606 431c 9535 41ce
000ab50 9468 407d 93a0 3f2a 92db 3dd4 921b 3c7c
000ab60 915f 3b22 90a8 39c5 8ff4 3866 8f45 3705
000ab70 8e9b 35a2 8df4 343d 8d52 32d5 8cb5 316c
000ab80 8c1c 3001 8b87 2e94 8af7 2d25 8a6c 2bb5
000ab90 89e5 2a42 8962 28cf 88e4 2759 886b 25e2
000aba0 87f6 246a 8786 22f0 871b 2175 86b4 1ff8
000abb0 8652 1e7b 85f4 1cfc 859c 1b7c 8548 19fb
000abc0 84f8 1879 84ae 16f6 8468 1572 8427 13ed
000abd0 83eb 1268 83b4 10e2 8381 0f5b 8353 0dd4
000abe0 832a 0c4c 8306 0ac3 82e6 093a 82cc 07b1
000abf0 82b6 0628 82a5 049e 8299 0314 8292 018a
000ac00 828f 0000 8292 fe76 8299 fcec 82a5 fb62
000ac10 82b6 f9d8 82cc f84f 82e6 f6c6 8306 f53d
000ac20 832a f3b4 8353 f22c 8381 f0a5 83b4 ef1e
000ac30 83eb ed98 8427 ec13 8468 ea8e 84ae e90a
000ac40 84f8 e787 8548 e605 859c e484 85f4 e304
000ac50 8652 e185 86b4 e008 871b de8b 8786 dd10
000ac60 87f6 db96 886b da1e 88e4 d8a7 8962 d731
000ac70 89e5 d5be 8a6c d44b 8af7 d2db 8b87 d16c
000ac80 8c1c cfff 8cb5 ce94 8d52 cd2b 8df4 cbc3
000ac90 8e9b ca5e 8f45 c8fb 8ff4 c79a 90a8 c63b
000aca0 915f c4de 921b c384 92db c22c 93a0 c0d6
000acb0 9468 bf83 9535 be32 9606 bce4 96da bb98
000acc0 97b3 ba4f 9890 b909 9971 b7c5 9a56 b684
000acd0 9b3f b547 9c2c b40b 9d1c b2d3 9e10 b19e
000ace0 9f09 b06c a004 af3d a104 ae11 a207 ace8
000acf0 a30e abc2 a419 aaa0 a527 a981 a638 a865
000ad00 a74d a74d a865 a638 a981 a527 aaa0 a419
000ad10 abc2 a30e ace8 a207 ae11 a104 af3d a004
000ad20 b06c 9f09 b19e 9e10 b2d3 9d1c b40b 9c2c
000ad30 b547 9b3f b684 9a56 b7c5 9971 b909 9890
000ad40 ba4f 97b3 bb98 96da bce4 9606 be32 9535
000ad50 bf83 9468 c0d6 93a0 c22c 92db c384 921b
000ad60 c4de 915f c63b 90a8 c79a 8ff4 c8fb 8f45
000ad70 ca5e 8e9b cbc3 8df4 cd2b 8d52 ce94 8cb5
000ad80 cfff 8c1c d16c 8b87 d2db 8af7 d44b 8a6c
000ad90 d5be 89e5 d731 8962 d8a7 88e4 da1e 886b
000ada0 db96 87f6 dd10 8786 de8b 871b e008 86b4
000adb0 e185 8652 e304 85f4 e484 859c e605 8548
000adc0 e787 84f8 e90a 84ae ea8e 8468 ec13 8427
000add0 ed98 83eb ef1e 83b4 f0a5 8381 f22c 8353
000ade0 f3b4 832a f53d 8306 f6c6 82e6 f84f 82cc
000adf0 f9d8 82b6 fb62 82a5 fcec 8299 fe76 8292
000ae00 0000 828f 018a 8292 0314 8299 049e 82a5
000ae10 0628 82b6 07b1 82cc 093a 82e6 0ac3 8306
000ae20 0c4c 832a 0dd4 8353 0f5b 8381 10e2 83b4
000ae30 1268 83eb 13ed 8427 1572 8468 16f6 84ae
000ae40 1879 84f8 19fb 8548 1b7c 859c 1cfc 85f4
000ae50 1e7b 8652 1ff8 86b4 2175 871b 22f0 8786
000ae60 246a 87f6 25e2 886b 2759 88e4 28cf 8962
000ae70 2a42 89e5 2bb5 8a6c 2d25 8af7 2e94 8b87
000ae80 3001 8c1c 316c 8cb5 32d5 8d52 343d 8df4
000ae90 35a2 8e9b 3705 8f45 3866 8ff4 39c5 90a8
000aea0 3b22 915f 3c7c 921b 3dd4 92db 3f2a 93a0
000aeb0 407d 9468 41ce 9535 431c 9606 4468 96da
000aec0 45b1 97b3 46f7 9890 483b 9971 497c 9a56
000aed0 4ab9 9b3f 4bf5 9c2c 4d2d 9d1c 4e62 9e10
000aee0 4f94 9f09 50c3 a004 51ef a104 5318 a207
000aef0 543e a30e 5560 a419 567f a527 579b a638
000af00 58b3 a74d 59c8 a865 5ad9 a981 5be7 aaa0
000af10 5cf2 abc2 5df9 ace8 5efc ae11 5ffc af3d
000af20 60f7 b06c 61f0 b19e 62e4 b2d3 63d4 b40b
000af30 64c1 b547 65aa b684 668f b7c5 6770 b909
000af40 684d ba4f 6926 bb98 69fa bce4 6acb be32
000af50 6b98 bf83 6c60 c0d6 6d25 c22c 6de5 c384
000af60 6ea1 c4de 6f58 c63b 700c c79a 70bb c8fb
000af70 7165 ca5e 720c cbc3 72ae cd2b 734b ce94
000af80 73e4 cfff 7479 d16c 7509 d2db 7594 d44b
000af90 761b d5be 769e d731 771c d8a7 7795 da1e
000afa0 780a db96 787a dd10 78e5 de8b 794c e008
000afb0 79ae e185 7a0c e304 7a64 e484 7ab8 e605
000afc0 7b08 e787 7b52 e90a 7b98 ea8e 7bd9 ec13
000afd0 7c15 ed98 7c4c ef1e 7c7f f0a5 7cad f22c
000afe0 7cd6 f3b4 7cfa f53d 7d1a f6c6 7d34 f84f
000aff0 7d4a f9d8 7d5b fb62 7d67 fcec 7d6e fe76
000b000 7d71 0000 7d6e 018a 7d67 0314 7d5b 049e
000b010 7d4a 0628 7d34 07b1 7d1a 093a 7cfa 0ac3
000b020 7cd6 0c4c 7cad 0dd4 7c7f 0f5b 7c4c 10e2
000b030 7c15 1268 7bd9 13ed 7b98 1572 7b52 16f6
000b040 7b08 1879 7ab8 19fb 7a64 1b7c 7a0c 1cfc
000b050 79ae 1e7b 794c 1ff8 78e5 2175 787a 22f0
000b060 780a 246a 7795 25e2 771c 2759 769e 28cf
000b070 761b 2a42 7594 2bb5 7509 2d25 7479 2e94
000b080 73e4 3001 734b 316c 72ae 32d5 720c 343d
000b090 7165 35a2 70bb 3705 700c 3866 6f58 39c5
000b0a0 6ea1 3b22 6de5 3c7c 6d25 3dd4 6c60 3f2a
000b0b0 6b98 407d 6acb 41ce 69fa 431c 6926 4468
000b0c0 684d 45b1 6770 46f7 668f 483b 65aa 497c
000b0d0 64c1 4ab9 63d4 4bf5 62e4 4d2d 61f0 4e62
000b0e0 60f7 4f94 5ffc 50c3 5efc 51ef 5df9 5318
000b0f0 5cf2 543e 5be7 5560 5ad9 567f 59c8 579b
000b100 58b3 58b3 579b 59c8 567f 5ad9 5560 5be7
000b110 543e 5cf2 5318 5df9 51ef 5efc 50c3 5ffc
000b120 4f94 60f7 4e62 61f0 4d2d 62e4 4bf5 63d4
000b130 4ab9 64c1 497c 65aa 483b 668f 46f7 6770
000b140 45b1 684d 4468 6926 431c 69fa 41ce 6acb
000b150 407d 6b98 3f2a 6c60 3dd4 6d25 3c7c 6de5
000b160 3b22 6ea1 39c5 6f58 3866 700c 3705 70bb
000b170 35a2 7165 343d 720c 32d5 72ae 316c 734b
000b180 3001 73e4 2e94 7479 2d25 7509 2bb5 7594
000b190 2a42 761b 28cf 769e 2759 771c 25e2 7795
000b1a0 246a 780a 22f0 787a 2175 78e5 1ff8 794c
000b1b0 1e7b 79ae 1cfc 7a0c 1b7c 7a64 19fb 7ab8
000b1c0 1879 7b08 16f6 7b52 1572 7b98 13ed 7bd9
000b1d0 1268 7c15 10e2 7c4c 0f5b 7c7f 0dd4 7cad
000b1e0 0c4c 7cd6 0ac3 7cfa 093a 7d1a 07b1 7d34
000b1f0 0628 7d4a 049e 7d5b 0314 7d67 018a 7d6e
000b200 0000 7d71 fe76 7d6e fcec 7d67 fb62 7d5b
000b210 f9d8 7d4a f84f 7d34 f6c6 7d1a f53d 7cfa
000b220 f3b4 7cd6 f22c 7cad f0a5 7c7f ef1e 7c4c
000b230 ed98 7c15 ec13 7bd9 ea8e 7b98 e90a 7b52
000b240 e787 7b08 e605 7ab8 e484 7a64 e304 7a0c
000b250 e185 79ae e008 794c de8b 78e5 dd10 787a
000b260 db96 780a da1e 7795 d8a7 771c d731 769e
000b270 d5be 761b d44b 7594 d2db 7509 d16c 7479
000b280 cfff 73e4 ce94 734b cd2b 72ae cbc3 720c
000b290 ca5e 7165 c8fb 70bb c79a 700c c63b 6f58
000b2a0 c4de 6ea1 c384 6de5 c22c 6d25 c0d6 6c60
000b2b0 bf83 6b98 be32 6acb bce4 69fa bb98 6926
000b2c0 ba4f 684d b909 6770 b7c5 668f b684 65aa
000b2d0 b547 64c1 b40b 63d4 b2d3 62e4 b19e 61f0
000b2e0 b06c 60f7 af3d 5ffc ae11 5efc ace8 5df9
000b2f0 abc2 5cf2 aaa0 5be7 a981 5ad9 a865 59c8
000b300 a74d 58b3 a638 579b a527 567f a419 5560
000b310 a30e 543e a207 5318 a104 51ef a004 50c3
000b320 9f09 4f94 9e10 4e62 9d1c 4d2d 9c2c 4bf5
000b330 9b3f 4ab9 9a56 497c 9971 483b 9890 46f7
000b340 97b3 45b1 96da 4468 9606 431c 9535 41ce
000b350 9468 407d 93a0 3f2a 92db 3dd4 921b 3c7c
000b360 915f 3b22 90a8 39c5 8ff4 3866 8f45 3705
000b370 8e9b 35a2 8df4 343d 8d52 32d5 8cb5 316c
000b380 8c1c 3001 8b87 2e94 8af7 2d25 8a6c 2bb5
000b390 89e5 2a42 8962 28cf 88e4 2759 886b 25e2
000b3a0 87f6 246a 8786 22f0 871b 2175 86b4 1ff8
000b3b0 8652 1e7b 85f4 1cfc 859c 1b7c 8548 19fb
000b3c0 84f8 1879 84ae 16f6 8468 1572 8427 13ed
000b3d0 83eb 1268 83b4 10e2 8381 0f5b 8353 0dd4
000b3e0 832a 0c4c 8306 0ac3 82e6 093a 82cc 07b1
000b3f0 82b6 0628 82a5 049e 8299 0314 8292 018a
000b400 828f 0000 8292 fe76 8299 fcec 82a5 fb62
000b410 82b6 f9d8 82cc f84f 82e6 f6c6 8306 f53d
000b420 832a f3b4 8353 f22c 8381 f0a5 83b4 ef1e
000b430 83eb ed98 8427 ec13 8468 ea8e 84ae e90a
000b440 84f8 e787 8548 e605 859c e484 85f4 e304
000b450 8652 e185 86b4 e008 871b de8b 8786 dd10
000b460 87f6 db96 886b da1e 88e4 d8a7 8962 d731
000b470 89e5 d5be 8a6c d44b 8af7 d2db 8b87 d16c
000b480 8c1c cfff 8cb5 ce94 8d52 cd2b 8df4 cbc3
000b490 8e9b ca5e 8f45 c8fb 8ff4 c79a 90a8 c63b
000b4a0 915f c4de 921b c384 92db c22c 93a0 c0d6
000b4b0 9468 bf83 9535 be32 9606 bce4 96da bb98
000b4c0 97b3 ba4f 9890 b909 9971 b7c5 9a56 b684
000b4d0 9b3f b547 9c2c b40b 9d1c b2d3 9e10 b19e
000b4e0 9f09 b06c a004 af3d a104 ae11 a207 ace8
000b4f0 a30e abc2 a419 aaa0 a527 a981 a638 a865
000b500 a74d a74d a865 a638 a981 a527 aaa0 a419
000b510 abc2 a30e ace8 a207 ae11 a104 af3d a004
000b520 b06c 9f09 b19e 9e10 b2d3 9d1c b40b 9c2c
000b530 b547 9b3f b684 9a56 b7c5 9971 b909 9890
000b540 ba4f 97b3 bb98 96da bce4 9606 be32 9535
000b550 bf83 9468 c0d6 93a0 c22c 92db c384 921b
000b560 c4de 915f c63b 90a8 c79a 8ff4 c8fb 8f45
000b570 ca5e 8e9b cbc3 8df4 cd2b 8d52 ce94 8cb5
000b580 cfff 8c1c d16c 8b87 d2db 8af7 d44b 8a6c
000b590 d5be 89e5 d731 8962 d8a7 88e4 da1e 886b
000b5a0 db96 87f6 dd10 8786 de8b 871b e008 86b4
000b5b0 e185 8652 e304 85f4 e484 859c e605 8548
000b5c0 e787 84f8 e90a 84ae ea8e 8468 ec13 8427
000b5d0 ed98 83eb ef1e 83b4 f0a5 8381 f22c 8353
000b5e0 f3b4 832a f53d 8306 f6c6 82e6 f84f 82cc
000b5f0 f9d8 82b6 fb62 82a5 fcec 8299 fe76 8292
000b600 0000 828f 018a 8292 0314 8299 049e 82a5
000b610 0628 82b6 07b1 82cc 093a 82e6 0ac3 8306
000b620 0c4c 832a 0dd4 8353 0f5b 8381 10e2 83b4
000b630 1268 83eb 13ed 8427 1572 8468 16f6 84ae
000b640 1879 84f8 19fb 8548 1b7c 859c 1cfc 85f4
000b650 1e7b 8652 1ff8 86b4 2175 871b 22f0 8786
000b660 246a 87f6 25e2 886b 2759 88e4 28cf 8962
000b670 2a42 89e5 2bb5 8a6c 2d25 8af7 2e94 8b87
000b680 3001 8c1c 316c 8cb5 32d5 8d52 343d 8df4
000b690 35a2 8e9b 3705 8f45 3866 8ff4 39c5 90a8
000b6a0 3b22 915f 3c7c 921b 3dd4 92db 3f2a 93a0
000b6b0 407d 9468 41ce 9535 431c 9606 4468 96da
000b6c0 45b1 97b3 46f7 9890 483b 9971 497c 9a56
000b6d0 4ab9 9b3f 4bf5 9c2c 4d2d 9d1c 4e62 9e10
000b6e0 4f94 9f09 50c3 a004 51ef a104 5318 a207
000b6f0 543e a30e 5560 a419 567f a527 579b a638
000b700 58b3 a74d 59c8 a865 5ad9 a981 5be7 aaa0
000b710 5cf2 abc2 5df9 ace8 5efc ae11 5ffc af3d
000b720 60f7 b06c 61f0 b19e 62e4 b2d3 63d4 b40b
000b730 64c1 b547 65aa b684 668f b7c5 6770 b909
000b740 684d ba4f 6926 bb98 69fa bce4 6acb be32
000b750 6b98 bf83 6c60 c0d6 6d25 c22c 6de5 c384
000b760 6ea1 c4de 6f58 c63b 700c c79a 70bb c8fb
000b770 7165 ca5e 720c cbc3 72ae cd2b 734b ce94
000b780 73e4 cfff 7479 d16c 7509 d2db 7594 d44b
000b790 761b d5be 769e d731 771c d8a7 7795 da1e
000b7a0 780a db96 787a dd10 78e5 de8b 794c e008
000b7b0 79ae e185 7a0c e304 7a64 e484 7ab8 e605
000b7c0 7b08 e787 7b52 e90a 7b98 ea8e 7bd9 ec13
000b7d0 7c15 ed98 7c4c ef1e 7c7f f0a5 7cad f22c
000b7e0 7cd6 f3b4 7cfa f53d 7d1a f6c6 7d34 f84f
000b7f0 7d4a f9d8 7d5b fb62 7d67 fcec 7d6e fe76
000b800 7d71 0000 7d6e 018a 7d67 0314 7d5b 049e
000b810 7d4a 0628 7d34 07b1 7d1a 093a 7cfa 0ac3
000b820 7cd6 0c4c 7cad 0dd4 7c7f 0f5b 7c4c 10e2
000b830 7c15 1268 7bd9 13ed 7b98 1572 7b52 16f6
000b840 7b08 1879 7ab8 19fb 7a64 1b7c 7a0c 1cfc
000b850 79ae 1e7b 794c 1ff8 78e5 2175 787a 22f0
000b860 780a 246a 7795 25e2 771c 2759 769e 28cf
000b870 761b 2a42 7594 2bb5 7509 2d25 7479 2e94
000b880 73e4 3001 734b 316c 72ae 32d5 720c 343d
000b890 7165 35a2 70bb 3705 700c 3866 6f58 39c5
000b8a0 6ea1 3b22 6de5 3c7c 6d25 3dd4 6c60 3f2a
000b8b0 6b98 407d 6acb 41ce 69fa 431c 6926 4468
000b8c0 684d 45b1 6770 46f7 668f 483b 65aa 497c
000b8d0 64c1 4ab9 63d4 4bf5 62e4 4d2d 61f0 4e62
000b8e0 60f7 4f94 5ffc 50c3 5efc 51ef 5df9 5318
000b8f0 5cf2 543e 5be7 5560 5ad9 567f 59c8 579b
000b900 58b3 58b3 579b 59c8 567f 5ad9 5560 5be7
000b910 543e 5cf2 5318 5df9 51ef 5efc 50c3 5ffc
000b920 4f94 60f7 4e62 61f0 4d2d 62e4 4bf5 63d4
000b930 4ab9 64c1 497c 65aa 483b 668f 46f7 6770
000b940 45b1 684d 4468 6926 431c 69fa 41ce 6acb
000b950 407d 6b98 3f2a 6c60 3dd4 6d25 3c7c 6de5
000b960 3b22 6ea1 39c5 6f58 3866 700c 3705 70bb
000b970 35a2 7165 343d 720c 32d5 72ae 316c 734b
000b980 3001 73e4 2e94 7479 2d25 7509 2bb5 7594
000b990 2a42 761b 28cf 769e 2759 771c 25e2 7795
000b9a0 246a 780a 22f0 787a 2175 78e5 1ff8 794c
000b9b0 1e7b 79ae 1cfc 7a0c 1b7c 7a64 19fb 7ab8
000b9c0 1879 7b08 16f6 7b52 1572 7b98 13ed 7bd9
000b9d0 1268 7c15 10e2 7c4c 0f5b 7c7f 0dd4 7cad
000b9e0 0c4c 7cd6 0ac3 7cfa 093a 7d1a 07b1 7d34
000b9f0 0628 7d4a 049e 7d5b 0314 7d67 018a 7d6e
000ba00 0000 7d71 fe76 7d6e fcec 7d67 fb62 7d5b
000ba10 f9d8 7d4a f84f 7d34 f6c6 7d1a f53d 7cfa
000ba20 f3b4 7cd6 f22c 7cad f0a5 7c7f ef1e 7c4c
000ba30 ed98 7c15 ec13 7bd9 ea8e 7b98 e90a 7b52
000ba40 e787 7b08 e605 7ab8 e484 7a64 e304 7a0c
000ba50 e185 79ae e008 794c de8b 78e5 dd10 787a
000ba60 db96 780a da1e 7795 d8a7 771c d731 769e
000ba70 d5be 761b d44b 7594 d2db 7509 d16c 7479
000ba80 cfff 73e4 ce94 734b cd2b 72ae cbc3 720c
000ba90 ca5e 7165 c8fb 70bb c79a 700c c63b 6f58
000baa0 c4de 6ea1 c384 6de5 c22c 6d25 c0d6 6c60
000bab0 bf83 6b98 be32 6acb bce4 69fa bb98 6926
000bac0 ba4f 684d b909 6770 b7c5 668f b684 65aa
000bad0 b547 64c1 b40b 63d4 b2d3 62e4 b19e 61f0
000bae0 b06c 60f7 af3d 5ffc ae11 5efc ace8 5df9
000baf0 abc2 5cf2 aaa0 5be7 a981 5ad9 a865 59c8
000bb00 a74d 58b3 a638 579b a527 567f a419 5560
000bb10 a30e 543e a207 5318 a104 51ef a004 50c3
000bb20 9f09 4f94 9e10 4e62 9d1c 4d2d 9c2c 4bf5
000bb30 9b3f 4ab9 9a56 497c 9971 483b 9890 46f7
000bb40 97b3 45b1 96da 4468 9606 431c 9535 41ce
000bb50 9468 407d 93a0 3f2a 92db 3dd4 921b 3c7c
000bb60 915f 3b22 90a8 39c5 8ff4 3866 8f45 3705
000bb70 8e9b 35a2 8df4 343d 8d52 32d5 8cb5 316c
000bb80 8c1c 3001 8b87 2e94 8af7 2d25 8a6c 2bb5
000bb90 89e5 2a42 8962 28cf 88e4 2759 886b 25e2
000bba0 87f6 246a 8786 22f0 871b 2175 86b4 1ff8
000bbb0 8652 1e7b 85f4 1cfc 859c 1b7c 8548 19fb
000bbc0 84f8 1879 84ae 16f6 8468 1572 8427 13ed
000bbd0 83eb 1268 83b4 10e2 8381 0f5b 8353 0dd4
000bbe0 832a 0c4c 8306 0ac3 82e6 093a 82cc 07b1
000bbf0 82b6 0628 82a5 049e 8299 0314 8292 018a
000bc00 828f 0000 8292 fe76 8299 fcec 82a5 fb62
000bc10 82b6 f9d8 82cc f84f 82e6 f6c6 8306 f53d
000bc20 832a f3b4 8353 f22c 8381 f0a5 83b4 ef1e
000bc30 83eb ed98 8427 ec13 8468 ea8e 84ae e90a
000bc40 84f8 e787 8548 e605 859c e484 85f4 e304
000bc50 8652 e185 86b4 e008 871b de8b 8786 dd10
000bc60 87f6 db96 886b da1e 88e4 d8a7 8962 d731
000bc70 89e5 d5be 8a6c d44b 8af7 d2db 8b87 d16c
000bc80 8c1c cfff 8cb5 ce94 8d52 cd2b 8df4 cbc3
000bc90 8e9b ca5e 8f45 c8fb 8ff4 c79a 90a8 c63b
000bca0 915f c4de 921b c384 92db c22c 93a0 c0d6
000bcb0 9468 bf83 9535 be32 9606 bce4 96da bb98
000bcc0 97b3 ba4f 9890 b909 9971 b7c5 9a56 b684
000bcd0 9b3f b547 9c2c b40b 9d1c b2d3 9e10 b19e
000bce0 9f09 b06c a004 af3d a104 ae11 a207 ace8
000bcf0 a30e abc2 a419 aaa0 a527 a981 a638 a865
000bd00 a74d a74d a865 a638 a981 a527 aaa0 a419
000bd10 abc2 a30e ace8 a207 ae11 a104 af3d a004
000bd20 b06c 9f09 b19e 9e10 b2d3 9d1c b40b 9c2c
000bd30 b547 9b3f b684 9a56 b7c5 9971 b909 9890
000bd40 ba4f 97b3 bb98 96da bce4 9606 be32 9535
000bd50 bf83 9468 c0d6 93a0 c22c 92db c384 921b
000bd60 c4de 915f c63b 90a8 c79a 8ff4 c8fb 8f45
000bd70 ca5e 8e9b cbc3 8df4 cd2b 8d52 ce94 8cb5
000bd80 cfff 8c1c d16c 8b87 d2db 8af7 d44b 8a6c
000bd90 d5be 89e5 d731 8962 d8a7 88e4 da1e 886b
000bda0 db96 87f6 dd10 8786 de8b 871b e008 86b4
000bdb0 e185 8652 e304 85f4 e484 859c e605 8548
000bdc0 e787 84f8 e90a 84ae ea8e 8468 ec13 8427
000bdd0 ed98 83eb ef1e 83b4 f0a5 8381 f22c 8353
000bde0 f3b4 832a f53d 8306 f6c6 82e6 f84f 82cc
000bdf0 f9d8 82b6 fb62 82a5 fcec 8299 fe76 8292
000be00 0000 828f 018a 8292 0314 8299 049e 82a5
000be10 0628 82b6 07b1 82cc 093a 82e6 0ac3 8306
000be20 0c4c 832a 0dd4 8353 0f5b 8381 10e2 83b4
000be30 1268 83eb 13ed 8427 1572 8468 16f6 84ae
000be40 1879 84f8 19fb 8548 1b7c 859c 1cfc 85f4
000be50 1e7b 8652 1ff8 86b4 2175 871b 22f0 8786
000be60 246a 87f6 25e2 886b 2759 88e4 28cf 8962
000be70 2a42 89e5 2bb5 8a6c 2d25 8af7 2e94 8b87
000be80 3001 8c1c 316c 8cb5 32d5 8d52 343d 8df4
000be90 35a2 8e9b 3705 8f45 3866 8ff4 39c5 90a8
000bea0 3b22 915f 3c7c 921b 3dd4 92db 3f2a 93a0
000beb0 407d 9468 41ce 9535 431c 9606 4468 96da
000bec0 45b1 97b3 46f7 9890 483b 9971 497c 9a56
000bed0 4ab9 9b3f 4bf5 9c2c 4d2d 9d1c 4e62 9e10
000bee0 4f94 9f09 50c3 a004 51ef a104 5318 a207
000bef0 543e a30e 5560 a419 567f a527 579b a638
000bf00 58b3 a74d 59c8 a865 5ad9 a981 5be7 aaa0
000bf10 5cf2 abc2 5df9 ace8 5efc ae11 5ffc af3d
000bf20 60f7 b06c 61f0 b19e 62e4 b2d3 63d4 b40b
000bf30 64c1 b547 65aa b684 668f b7c5 6770 b909
000bf40 684d ba4f 6926 bb98 69fa bce4 6acb be32
000bf50 6b98 bf83 6c60 c0d6 6d25 c22c 6de5 c384
000bf60 6ea1 c4de 6f58 c63b 700c c79a 70bb c8fb
000bf70 7165 ca5e 720c cbc3 72ae cd2b 734b ce94
000bf80 73e4 cfff 7479 d16c 7509 d2db 7594 d44b
000bf90 761b d5be 769e d731 771c d8a7 7795 da1e
000bfa0 780a db96 787a dd10 78e5 de8b 794c e008
000bfb0 79ae e185 7a0c e304 7a64 e484 7ab8 e605
000bfc0 7b08 e787 7b52 e90a 7b98 ea8e 7bd9 ec13
000bfd0 7c15 ed98 7c4c ef1e 7c7f f0a5 7cad f22c
000bfe0 7cd6 f3b4 7cfa f53d 7d1a f6c6 7d34 f84f
000bff0 7d4a f9d8 7d5b fb62 7d67 fcec 7d6e fe76
000c000
